/pscratch/sd/h/hyvchen/conda_envs/swe_torch_cpu3/lib/python3.11/site-packages/numpy/lib/_nanfunctions_impl.py:1997: RuntimeWarning: Degrees of freedom <= 0 for slice.
  var = nanvar(a, axis=axis, dtype=dtype, out=out, ddof=ddof,
/pscratch/sd/h/hyvchen/conda_envs/swe_torch_cpu3/lib/python3.11/site-packages/numpy/lib/_nanfunctions_impl.py:1997: RuntimeWarning: Degrees of freedom <= 0 for slice.
  var = nanvar(a, axis=axis, dtype=dtype, out=out, ddof=ddof,
RANDOM SEED IS 2559663389
---------------- EPOCH: 0 ------------------------
                 Train         Val
  KL Divergence:  0.8304191  0.0724045
  Reconstruction MSE:  0.4608962  0.5483803
  Spectral Overlap:  0.5663944  0.4889064
  Spatial Correlations:  0.1514755  0.3424689
  Spectral Weighted Spatial Correlations:  0.0860039  0.1648680
  Curve Fit MAE:  0.6475430  0.7660956
  L1 Decoder Reg:  2.1588893  2.1463974
  Centering Loss:  0.0486086  0.0752401
Elapsed:  0 days 00:00:00.754033

---------------- EPOCH: 1 ------------------------
                 Train         Val
  KL Divergence:  1.0790658  0.1164252
  Reconstruction MSE:  0.4540660  0.5494905
  Spectral Overlap:  0.4720108  0.5244659
  Spatial Correlations:  0.0973956  0.3297357
  Spectral Weighted Spatial Correlations:  0.0431212  0.1713468
  Curve Fit MAE:  0.6375242  0.7760788
  L1 Decoder Reg:  2.1664395  2.1467116
  Centering Loss:  0.0404398  0.0847571
Elapsed:  0 days 00:00:00.330992

---------------- EPOCH: 2 ------------------------
                 Train         Val
  KL Divergence:  0.9774617  0.2007986
  Reconstruction MSE:  0.4257398  0.5494139
  Spectral Overlap:  0.4457464  0.5406947
  Spatial Correlations:  0.0557965  0.3146812
  Spectral Weighted Spatial Correlations:  0.0243774  0.1696429
  Curve Fit MAE:  0.5706861  0.7603165
  L1 Decoder Reg:  2.1509173  2.1466725
  Centering Loss:  0.0245726  0.0884985
Elapsed:  0 days 00:00:00.324462

---------------- EPOCH: 3 ------------------------
                 Train         Val
  KL Divergence:  0.9507729  0.3100007
  Reconstruction MSE:  0.4025975  0.5495986
  Spectral Overlap:  0.4281842  0.5237066
  Spatial Correlations:  0.0664123  0.2952815
  Spectral Weighted Spatial Correlations:  0.0279389  0.1546775
  Curve Fit MAE:  0.5057587  0.7376484
  L1 Decoder Reg:  2.1386597  2.1464560
  Centering Loss:  0.0178505  0.0867576
Elapsed:  0 days 00:00:00.339031

---------------- EPOCH: 4 ------------------------
                 Train         Val
  KL Divergence:  0.9232872  0.4223553
  Reconstruction MSE:  0.3859588  0.5507364
  Spectral Overlap:  0.3942534  0.5174160
  Spatial Correlations:  0.0445789  0.2748828
  Spectral Weighted Spatial Correlations:  0.0170755  0.1426518
  Curve Fit MAE:  0.4670123  0.7255068
  L1 Decoder Reg:  2.1357317  2.1461957
  Centering Loss:  0.0219970  0.0965074
Elapsed:  0 days 00:00:00.332407

---------------- EPOCH: 5 ------------------------
                 Train         Val
  KL Divergence:  0.8537090  0.5238655
  Reconstruction MSE:  0.3756007  0.5493163
  Spectral Overlap:  0.3798413  0.5412096
  Spatial Correlations:  0.0504010  0.2691632
  Spectral Weighted Spatial Correlations:  0.0196224  0.1455583
  Curve Fit MAE:  0.4194531  0.7198604
  L1 Decoder Reg:  2.1334825  2.1458864
  Centering Loss:  0.0150366  0.1036824
Elapsed:  0 days 00:00:00.341818

---------------- EPOCH: 6 ------------------------
                 Train         Val
  KL Divergence:  0.7562180  0.6091319
  Reconstruction MSE:  0.3732189  0.5469490
  Spectral Overlap:  0.3810968  0.5602267
  Spatial Correlations:  0.0371040  0.2637436
  Spectral Weighted Spatial Correlations:  0.0147155  0.1471145
  Curve Fit MAE:  0.3580649  0.7167343
  L1 Decoder Reg:  2.1288471  2.1454782
  Centering Loss:  0.0137237  0.1091935
Elapsed:  0 days 00:00:00.325749

---------------- EPOCH: 7 ------------------------
                 Train         Val
  KL Divergence:  0.6381071  0.6767297
  Reconstruction MSE:  0.3706808  0.5462794
  Spectral Overlap:  0.3464726  0.5730273
  Spatial Correlations:  0.0384979  0.2574610
  Spectral Weighted Spatial Correlations:  0.0144913  0.1467324
  Curve Fit MAE:  0.3131480  0.7147068
  L1 Decoder Reg:  2.1237538  2.1449926
  Centering Loss:  0.0192765  0.1158069
Elapsed:  0 days 00:00:00.333230

---------------- EPOCH: 8 ------------------------
                 Train         Val
  KL Divergence:  0.5426347  0.7272934
  Reconstruction MSE:  0.3746693  0.5439317
  Spectral Overlap:  0.3169337  0.5828713
  Spatial Correlations:  0.0314292  0.2517082
  Spectral Weighted Spatial Correlations:  0.0104738  0.1458906
  Curve Fit MAE:  0.2709721  0.7128545
  L1 Decoder Reg:  2.1221509  2.1444976
  Centering Loss:  0.0202930  0.1233556
Elapsed:  0 days 00:00:00.329456

---------------- EPOCH: 9 ------------------------
                 Train         Val
  KL Divergence:  0.4850619  0.7641930
  Reconstruction MSE:  0.3742963  0.5406473
  Spectral Overlap:  0.2841697  0.5911987
  Spatial Correlations:  0.0358364  0.2469251
  Spectral Weighted Spatial Correlations:  0.0087236  0.1451851
  Curve Fit MAE:  0.2332312  0.7108274
  L1 Decoder Reg:  2.1221271  2.1440065
  Centering Loss:  0.0114016  0.1298966
Elapsed:  0 days 00:00:00.335100

---------------- EPOCH: 10 ------------------------
                 Train         Val
  KL Divergence:  0.4666092  0.7909933
  Reconstruction MSE:  0.3748639  0.5379301
  Spectral Overlap:  0.2626868  0.5962206
  Spatial Correlations:  0.0284606  0.2412223
  Spectral Weighted Spatial Correlations:  0.0072964  0.1431425
  Curve Fit MAE:  0.2110944  0.7083751
  L1 Decoder Reg:  2.1203511  2.1434846
  Centering Loss:  0.0150883  0.1351562
Elapsed:  0 days 00:00:00.350089

---------------- EPOCH: 11 ------------------------
                 Train         Val
  KL Divergence:  0.4678500  0.8100868
  Reconstruction MSE:  0.3726670  0.5346911
  Spectral Overlap:  0.2391707  0.6028755
  Spatial Correlations:  0.0304561  0.2372446
  Spectral Weighted Spatial Correlations:  0.0082005  0.1424069
  Curve Fit MAE:  0.2049944  0.7058285
  L1 Decoder Reg:  2.1179779  2.1429200
  Centering Loss:  0.0121374  0.1395595
Elapsed:  0 days 00:00:00.345423

---------------- EPOCH: 12 ------------------------
                 Train         Val
  KL Divergence:  0.4602127  0.8220362
  Reconstruction MSE:  0.3722965  0.5322781
  Spectral Overlap:  0.2334832  0.6058404
  Spatial Correlations:  0.0302707  0.2331301
  Spectral Weighted Spatial Correlations:  0.0066812  0.1407293
  Curve Fit MAE:  0.1937403  0.7033304
  L1 Decoder Reg:  2.1147609  2.1423149
  Centering Loss:  0.0189849  0.1421359
Elapsed:  0 days 00:00:00.340416

---------------- EPOCH: 13 ------------------------
                 Train         Val
  KL Divergence:  0.4598176  0.8293906
  Reconstruction MSE:  0.3706055  0.5287232
  Spectral Overlap:  0.2320422  0.6087482
  Spatial Correlations:  0.0275769  0.2287812
  Spectral Weighted Spatial Correlations:  0.0065102  0.1388919
  Curve Fit MAE:  0.2143907  0.7009428
  L1 Decoder Reg:  2.1130698  2.1416843
  Centering Loss:  0.0139633  0.1435893
Elapsed:  0 days 00:00:00.338808

---------------- EPOCH: 14 ------------------------
                 Train         Val
  KL Divergence:  0.4614590  0.8329573
  Reconstruction MSE:  0.3689184  0.5286122
  Spectral Overlap:  0.2163224  0.6119730
  Spatial Correlations:  0.0324808  0.2249080
  Spectral Weighted Spatial Correlations:  0.0075882  0.1372899
  Curve Fit MAE:  0.1932043  0.6984619
  L1 Decoder Reg:  2.1114540  2.1410487
  Centering Loss:  0.0158892  0.1443994
Elapsed:  0 days 00:00:00.337903

---------------- EPOCH: 15 ------------------------
                 Train         Val
  KL Divergence:  0.4959581  0.8348126
  Reconstruction MSE:  0.3699884  0.5267097
  Spectral Overlap:  0.2101966  0.6137524
  Spatial Correlations:  0.0209154  0.2207111
  Spectral Weighted Spatial Correlations:  0.0058803  0.1351718
  Curve Fit MAE:  0.1759088  0.6966621
  L1 Decoder Reg:  2.1103768  2.1403930
  Centering Loss:  0.0200828  0.1440590
Elapsed:  0 days 00:00:00.340512

---------------- EPOCH: 16 ------------------------
                 Train         Val
  KL Divergence:  0.5196317  0.8340023
  Reconstruction MSE:  0.3648382  0.5222917
  Spectral Overlap:  0.2044174  0.6159993
  Spatial Correlations:  0.0173330  0.2169560
  Spectral Weighted Spatial Correlations:  0.0046757  0.1333800
  Curve Fit MAE:  0.1521278  0.6947607
  L1 Decoder Reg:  2.1075113  2.1396952
  Centering Loss:  0.0112873  0.1434043
Elapsed:  0 days 00:00:00.327518

---------------- EPOCH: 17 ------------------------
                 Train         Val
  KL Divergence:  0.5138304  0.8315220
  Reconstruction MSE:  0.3638937  0.5208356
  Spectral Overlap:  0.1907474  0.6171674
  Spatial Correlations:  0.0174777  0.2128654
  Spectral Weighted Spatial Correlations:  0.0041154  0.1312147
  Curve Fit MAE:  0.1603048  0.6930972
  L1 Decoder Reg:  2.1049020  2.1389711
  Centering Loss:  0.0134100  0.1430185
Elapsed:  0 days 00:00:00.342859

---------------- EPOCH: 18 ------------------------
                 Train         Val
  KL Divergence:  0.5321409  0.8269351
  Reconstruction MSE:  0.3612121  0.5170027
  Spectral Overlap:  0.1921293  0.6194163
  Spatial Correlations:  0.0173915  0.2095434
  Spectral Weighted Spatial Correlations:  0.0038066  0.1296883
  Curve Fit MAE:  0.1434673  0.6911139
  L1 Decoder Reg:  2.1050146  2.1382689
  Centering Loss:  0.0195264  0.1423382
Elapsed:  0 days 00:00:00.331531

---------------- EPOCH: 19 ------------------------
                 Train         Val
  KL Divergence:  0.5256333  0.8216631
  Reconstruction MSE:  0.3621512  0.5174878
  Spectral Overlap:  0.1816523  0.6201591
  Spatial Correlations:  0.0207811  0.2052668
  Spectral Weighted Spatial Correlations:  0.0051338  0.1271912
  Curve Fit MAE:  0.1308651  0.6893376
  L1 Decoder Reg:  2.1049154  2.1375766
  Centering Loss:  0.0126100  0.1417800
Elapsed:  0 days 00:00:00.333458

---------------- EPOCH: 20 ------------------------
                 Train         Val
  KL Divergence:  0.5389028  0.8161531
  Reconstruction MSE:  0.3626746  0.5139396
  Spectral Overlap:  0.1704206  0.6223985
  Spatial Correlations:  0.0254139  0.2025572
  Spectral Weighted Spatial Correlations:  0.0048145  0.1260058
  Curve Fit MAE:  0.1356312  0.6875287
  L1 Decoder Reg:  2.1046867  2.1368952
  Centering Loss:  0.0194906  0.1410979
Elapsed:  0 days 00:00:00.334404

---------------- EPOCH: 21 ------------------------
                 Train         Val
  KL Divergence:  0.5528964  0.8103321
  Reconstruction MSE:  0.3618673  0.5125401
  Spectral Overlap:  0.1673234  0.6240491
  Spatial Correlations:  0.0225330  0.1980653
  Spectral Weighted Spatial Correlations:  0.0037841  0.1235028
  Curve Fit MAE:  0.1427841  0.6856273
  L1 Decoder Reg:  2.1039245  2.1362054
  Centering Loss:  0.0153746  0.1402958
Elapsed:  0 days 00:00:00.330340

---------------- EPOCH: 22 ------------------------
                 Train         Val
  KL Divergence:  0.5634413  0.8041254
  Reconstruction MSE:  0.3584832  0.5090125
  Spectral Overlap:  0.1669510  0.6254866
  Spatial Correlations:  0.0241527  0.1940528
  Spectral Weighted Spatial Correlations:  0.0041023  0.1212736
  Curve Fit MAE:  0.1322076  0.6837906
  L1 Decoder Reg:  2.1027029  2.1355147
  Centering Loss:  0.0169832  0.1391747
Elapsed:  0 days 00:00:00.340915

---------------- EPOCH: 23 ------------------------
                 Train         Val
  KL Divergence:  0.5645978  0.7967161
  Reconstruction MSE:  0.3582584  0.5064330
  Spectral Overlap:  0.1595990  0.6261286
  Spatial Correlations:  0.0284798  0.1912334
  Spectral Weighted Spatial Correlations:  0.0040098  0.1196934
  Curve Fit MAE:  0.1267769  0.6822326
  L1 Decoder Reg:  2.1028137  2.1348360
  Centering Loss:  0.0120616  0.1378483
Elapsed:  0 days 00:00:00.332015

---------------- EPOCH: 24 ------------------------
                 Train         Val
  KL Divergence:  0.5796688  0.7902483
  Reconstruction MSE:  0.3597318  0.5057399
  Spectral Overlap:  0.1571225  0.6278986
  Spatial Correlations:  0.0217168  0.1877031
  Spectral Weighted Spatial Correlations:  0.0037169  0.1177956
  Curve Fit MAE:  0.1331203  0.6807284
  L1 Decoder Reg:  2.1022818  2.1341639
  Centering Loss:  0.0092157  0.1364143
Elapsed:  0 days 00:00:00.336230

---------------- EPOCH: 25 ------------------------
                 Train         Val
  KL Divergence:  0.5731296  0.7836481
  Reconstruction MSE:  0.3582810  0.5025423
  Spectral Overlap:  0.1516504  0.6284665
  Spatial Correlations:  0.0360055  0.1835767
  Spectral Weighted Spatial Correlations:  0.0056915  0.1152259
  Curve Fit MAE:  0.1276760  0.6792567
  L1 Decoder Reg:  2.1019180  2.1334965
  Centering Loss:  0.0241224  0.1351991
Elapsed:  0 days 00:00:00.336159

---------------- EPOCH: 26 ------------------------
                 Train         Val
  KL Divergence:  0.5915521  0.7771024
  Reconstruction MSE:  0.3577029  0.4999022
  Spectral Overlap:  0.1502774  0.6285534
  Spatial Correlations:  0.0303806  0.1807761
  Spectral Weighted Spatial Correlations:  0.0035822  0.1134779
  Curve Fit MAE:  0.1297139  0.6780933
  L1 Decoder Reg:  2.1011996  2.1328282
  Centering Loss:  0.0182212  0.1337689
Elapsed:  0 days 00:00:00.334069

---------------- EPOCH: 27 ------------------------
                 Train         Val
  KL Divergence:  0.6113219  0.7703992
  Reconstruction MSE:  0.3538922  0.4969748
  Spectral Overlap:  0.1507310  0.6302607
  Spatial Correlations:  0.0347059  0.1763532
  Spectral Weighted Spatial Correlations:  0.0042452  0.1108559
  Curve Fit MAE:  0.1544710  0.6773044
  L1 Decoder Reg:  2.1010749  2.1321726
  Centering Loss:  0.0220848  0.1323390
Elapsed:  0 days 00:00:00.331366

---------------- EPOCH: 28 ------------------------
                 Train         Val
  KL Divergence:  0.6173832  0.7632927
  Reconstruction MSE:  0.3541857  0.4970724
  Spectral Overlap:  0.1486437  0.6317267
  Spatial Correlations:  0.0297671  0.1732215
  Spectral Weighted Spatial Correlations:  0.0029546  0.1090294
  Curve Fit MAE:  0.1422905  0.6762646
  L1 Decoder Reg:  2.1011300  2.1315351
  Centering Loss:  0.0182162  0.1312487
Elapsed:  0 days 00:00:00.320497

---------------- EPOCH: 29 ------------------------
                 Train         Val
  KL Divergence:  0.6389329  0.7561449
  Reconstruction MSE:  0.3528450  0.4934781
  Spectral Overlap:  0.1502772  0.6311780
  Spatial Correlations:  0.0418885  0.1696986
  Spectral Weighted Spatial Correlations:  0.0051891  0.1066500
  Curve Fit MAE:  0.1303938  0.6752564
  L1 Decoder Reg:  2.1014664  2.1309118
  Centering Loss:  0.0165050  0.1300792
Elapsed:  0 days 00:00:00.332208

---------------- EPOCH: 30 ------------------------
                 Train         Val
  KL Divergence:  0.6318781  0.7493472
  Reconstruction MSE:  0.3532495  0.4918675
  Spectral Overlap:  0.1482744  0.6314054
  Spatial Correlations:  0.0383288  0.1667280
  Spectral Weighted Spatial Correlations:  0.0037273  0.1047497
  Curve Fit MAE:  0.1337230  0.6740669
  L1 Decoder Reg:  2.1013582  2.1303008
  Centering Loss:  0.0215178  0.1289163
Elapsed:  0 days 00:00:00.337367

---------------- EPOCH: 31 ------------------------
                 Train         Val
  KL Divergence:  0.6663859  0.7435731
  Reconstruction MSE:  0.3538895  0.4930599
  Spectral Overlap:  0.1519644  0.6322232
  Spatial Correlations:  0.0410712  0.1630634
  Spectral Weighted Spatial Correlations:  0.0046289  0.1024881
  Curve Fit MAE:  0.1456182  0.6730133
  L1 Decoder Reg:  2.1016414  2.1297050
  Centering Loss:  0.0168180  0.1277830
Elapsed:  0 days 00:00:00.326187

---------------- EPOCH: 32 ------------------------
                 Train         Val
  KL Divergence:  0.6851411  0.7379922
  Reconstruction MSE:  0.3533331  0.4907824
  Spectral Overlap:  0.1568515  0.6316273
  Spatial Correlations:  0.0348646  0.1600616
  Spectral Weighted Spatial Correlations:  0.0037995  0.1004635
  Curve Fit MAE:  0.1403844  0.6722242
  L1 Decoder Reg:  2.1004121  2.1290953
  Centering Loss:  0.0347823  0.1260580
Elapsed:  0 days 00:00:00.331892

---------------- EPOCH: 33 ------------------------
                 Train         Val
  KL Divergence:  0.6616179  0.7318953
  Reconstruction MSE:  0.3520970  0.4887086
  Spectral Overlap:  0.1488030  0.6306965
  Spatial Correlations:  0.0463220  0.1568244
  Spectral Weighted Spatial Correlations:  0.0060219  0.0982012
  Curve Fit MAE:  0.1347456  0.6711988
  L1 Decoder Reg:  2.1003783  2.1284997
  Centering Loss:  0.0196239  0.1247332
Elapsed:  0 days 00:00:00.325735

---------------- EPOCH: 34 ------------------------
                 Train         Val
  KL Divergence:  0.6594080  0.7264913
  Reconstruction MSE:  0.3515460  0.4886675
  Spectral Overlap:  0.1491688  0.6292581
  Spatial Correlations:  0.0373825  0.1540045
  Spectral Weighted Spatial Correlations:  0.0042401  0.0961625
  Curve Fit MAE:  0.1230726  0.6701900
  L1 Decoder Reg:  2.0995376  2.1278992
  Centering Loss:  0.0146267  0.1235508
Elapsed:  0 days 00:00:00.324321

---------------- EPOCH: 35 ------------------------
                 Train         Val
  KL Divergence:  0.6998552  0.7220759
  Reconstruction MSE:  0.3510010  0.4848205
  Spectral Overlap:  0.1461028  0.6300471
  Spatial Correlations:  0.0380232  0.1511826
  Spectral Weighted Spatial Correlations:  0.0039365  0.0944369
  Curve Fit MAE:  0.1125967  0.6692096
  L1 Decoder Reg:  2.1001656  2.1273298
  Centering Loss:  0.0192095  0.1223813
Elapsed:  0 days 00:00:00.332044

---------------- EPOCH: 36 ------------------------
                 Train         Val
  KL Divergence:  0.6864187  0.7180100
  Reconstruction MSE:  0.3510430  0.4833823
  Spectral Overlap:  0.1447474  0.6304998
  Spatial Correlations:  0.0391600  0.1481262
  Spectral Weighted Spatial Correlations:  0.0035317  0.0925055
  Curve Fit MAE:  0.1396216  0.6682972
  L1 Decoder Reg:  2.1006014  2.1267745
  Centering Loss:  0.0169133  0.1213261
Elapsed:  0 days 00:00:00.352492

---------------- EPOCH: 37 ------------------------
                 Train         Val
  KL Divergence:  0.7050967  0.7146331
  Reconstruction MSE:  0.3502902  0.4819980
  Spectral Overlap:  0.1449960  0.6284158
  Spatial Correlations:  0.0400984  0.1455613
  Spectral Weighted Spatial Correlations:  0.0031026  0.0905751
  Curve Fit MAE:  0.1422051  0.6673067
  L1 Decoder Reg:  2.1010089  2.1262393
  Centering Loss:  0.0228833  0.1208209
Elapsed:  0 days 00:00:00.342006

---------------- EPOCH: 38 ------------------------
                 Train         Val
  KL Divergence:  0.7029164  0.7109905
  Reconstruction MSE:  0.3525662  0.4836052
  Spectral Overlap:  0.1435199  0.6274898
  Spatial Correlations:  0.0399473  0.1428882
  Spectral Weighted Spatial Correlations:  0.0025884  0.0887208
  Curve Fit MAE:  0.1309356  0.6665548
  L1 Decoder Reg:  2.1011267  2.1257112
  Centering Loss:  0.0128012  0.1200403
Elapsed:  0 days 00:00:00.334104

---------------- EPOCH: 39 ------------------------
                 Train         Val
  KL Divergence:  0.7180044  0.7080078
  Reconstruction MSE:  0.3482826  0.4778739
  Spectral Overlap:  0.1434369  0.6258760
  Spatial Correlations:  0.0462357  0.1409894
  Spectral Weighted Spatial Correlations:  0.0039164  0.0872413
  Curve Fit MAE:  0.1288459  0.6660141
  L1 Decoder Reg:  2.1005108  2.1251876
  Centering Loss:  0.0157710  0.1187822
Elapsed:  0 days 00:00:00.335516

---------------- EPOCH: 40 ------------------------
                 Train         Val
  KL Divergence:  0.7354081  0.7043260
  Reconstruction MSE:  0.3514068  0.4799687
  Spectral Overlap:  0.1450821  0.6254194
  Spatial Correlations:  0.0591027  0.1384843
  Spectral Weighted Spatial Correlations:  0.0052469  0.0855397
  Curve Fit MAE:  0.1243195  0.6654165
  L1 Decoder Reg:  2.1009164  2.1246781
  Centering Loss:  0.0139897  0.1171444
Elapsed:  0 days 00:00:00.334176

---------------- EPOCH: 41 ------------------------
                 Train         Val
  KL Divergence:  0.7242028  0.7012896
  Reconstruction MSE:  0.3494298  0.4813557
  Spectral Overlap:  0.1379864  0.6262546
  Spatial Correlations:  0.0682458  0.1358651
  Spectral Weighted Spatial Correlations:  0.0050443  0.0838991
  Curve Fit MAE:  0.1240830  0.6651428
  L1 Decoder Reg:  2.1004434  2.1241663
  Centering Loss:  0.0133523  0.1154832
Elapsed:  0 days 00:00:00.342443

---------------- EPOCH: 42 ------------------------
                 Train         Val
  KL Divergence:  0.7342243  0.6978058
  Reconstruction MSE:  0.3497308  0.4761229
  Spectral Overlap:  0.1379372  0.6251854
  Spatial Correlations:  0.0623517  0.1340663
  Spectral Weighted Spatial Correlations:  0.0051563  0.0825044
  Curve Fit MAE:  0.1256917  0.6651623
  L1 Decoder Reg:  2.1002216  2.1236684
  Centering Loss:  0.0158066  0.1142394
Elapsed:  0 days 00:00:00.330259

---------------- EPOCH: 43 ------------------------
                 Train         Val
  KL Divergence:  0.7323039  0.6941337
  Reconstruction MSE:  0.3489192  0.4764584
  Spectral Overlap:  0.1375917  0.6251603
  Spatial Correlations:  0.0640548  0.1328685
  Spectral Weighted Spatial Correlations:  0.0049529  0.0816242
  Curve Fit MAE:  0.1159447  0.6653110
  L1 Decoder Reg:  2.1002789  2.1231742
  Centering Loss:  0.0139378  0.1128289
Elapsed:  0 days 00:00:00.340735

---------------- EPOCH: 44 ------------------------
                 Train         Val
  KL Divergence:  0.7401372  0.6911036
  Reconstruction MSE:  0.3491504  0.4758013
  Spectral Overlap:  0.1397300  0.6250110
  Spatial Correlations:  0.0641245  0.1306349
  Spectral Weighted Spatial Correlations:  0.0041973  0.0800840
  Curve Fit MAE:  0.1236016  0.6654242
  L1 Decoder Reg:  2.1010106  2.1227179
  Centering Loss:  0.0220104  0.1114524
Elapsed:  0 days 00:00:00.329285

---------------- EPOCH: 45 ------------------------
                 Train         Val
  KL Divergence:  0.7794252  0.6886965
  Reconstruction MSE:  0.3465550  0.4709501
  Spectral Overlap:  0.1364478  0.6234108
  Spatial Correlations:  0.0694067  0.1287991
  Spectral Weighted Spatial Correlations:  0.0042051  0.0786339
  Curve Fit MAE:  0.1321241  0.6651791
  L1 Decoder Reg:  2.1025209  2.1222882
  Centering Loss:  0.0218975  0.1102997
Elapsed:  0 days 00:00:00.329054

---------------- EPOCH: 46 ------------------------
                 Train         Val
  KL Divergence:  0.7963697  0.6872432
  Reconstruction MSE:  0.3461521  0.4700957
  Spectral Overlap:  0.1448175  0.6240910
  Spatial Correlations:  0.0603882  0.1269747
  Spectral Weighted Spatial Correlations:  0.0034170  0.0774719
  Curve Fit MAE:  0.1266168  0.6648921
  L1 Decoder Reg:  2.1020486  2.1218538
  Centering Loss:  0.0160203  0.1093449
Elapsed:  0 days 00:00:00.338165

---------------- EPOCH: 47 ------------------------
                 Train         Val
  KL Divergence:  0.7820476  0.6848786
  Reconstruction MSE:  0.3465128  0.4714511
  Spectral Overlap:  0.1341287  0.6244577
  Spatial Correlations:  0.0609547  0.1251989
  Spectral Weighted Spatial Correlations:  0.0038494  0.0763068
  Curve Fit MAE:  0.1144235  0.6653353
  L1 Decoder Reg:  2.1016774  2.1214266
  Centering Loss:  0.0157048  0.1085594
Elapsed:  0 days 00:00:00.331838

---------------- EPOCH: 48 ------------------------
                 Train         Val
  KL Divergence:  0.7629528  0.6830495
  Reconstruction MSE:  0.3499672  0.4682120
  Spectral Overlap:  0.1322670  0.6240003
  Spatial Correlations:  0.0651169  0.1240681
  Spectral Weighted Spatial Correlations:  0.0042334  0.0754292
  Curve Fit MAE:  0.1239413  0.6654202
  L1 Decoder Reg:  2.1017227  2.1210072
  Centering Loss:  0.0154077  0.1079752
Elapsed:  0 days 00:00:00.334338

---------------- EPOCH: 49 ------------------------
                 Train         Val
  KL Divergence:  0.8343869  0.6836974
  Reconstruction MSE:  0.3453252  0.4691969
  Spectral Overlap:  0.1393822  0.6225820
  Spatial Correlations:  0.0655111  0.1227040
  Spectral Weighted Spatial Correlations:  0.0045119  0.0742725
  Curve Fit MAE:  0.1143738  0.6659318
  L1 Decoder Reg:  2.1017997  2.1206009
  Centering Loss:  0.0226552  0.1075870
Elapsed:  0 days 00:00:00.340178

---------------- EPOCH: 50 ------------------------
                 Train         Val
  KL Divergence:  0.7953720  0.6823419
  Reconstruction MSE:  0.3464024  0.4672784
  Spectral Overlap:  0.1326285  0.6226743
  Spatial Correlations:  0.0657149  0.1215329
  Spectral Weighted Spatial Correlations:  0.0037736  0.0734219
  Curve Fit MAE:  0.1101654  0.6664124
  L1 Decoder Reg:  2.1022267  2.1202064
  Centering Loss:  0.0101008  0.1071550
Elapsed:  0 days 00:00:00.336986

---------------- EPOCH: 51 ------------------------
                 Train         Val
  KL Divergence:  0.7651394  0.6810089
  Reconstruction MSE:  0.3492453  0.4649688
  Spectral Overlap:  0.1278001  0.6228033
  Spatial Correlations:  0.0689482  0.1198920
  Spectral Weighted Spatial Correlations:  0.0037136  0.0722659
  Curve Fit MAE:  0.1006612  0.6675323
  L1 Decoder Reg:  2.1022735  2.1198251
  Centering Loss:  0.0223776  0.1069736
Elapsed:  0 days 00:00:00.328972

---------------- EPOCH: 52 ------------------------
                 Train         Val
  KL Divergence:  0.8021522  0.6801417
  Reconstruction MSE:  0.3484591  0.4665733
  Spectral Overlap:  0.1260331  0.6210037
  Spatial Correlations:  0.0840214  0.1192035
  Spectral Weighted Spatial Correlations:  0.0057844  0.0714033
  Curve Fit MAE:  0.1017879  0.6686093
  L1 Decoder Reg:  2.1029239  2.1194632
  Centering Loss:  0.0156896  0.1066759
Elapsed:  0 days 00:00:00.331141

---------------- EPOCH: 53 ------------------------
                 Train         Val
  KL Divergence:  0.7992558  0.6786181
  Reconstruction MSE:  0.3453380  0.4666538
  Spectral Overlap:  0.1230997  0.6217598
  Spatial Correlations:  0.0875647  0.1174186
  Spectral Weighted Spatial Correlations:  0.0055358  0.0702501
  Curve Fit MAE:  0.1075956  0.6696865
  L1 Decoder Reg:  2.1027503  2.1190979
  Centering Loss:  0.0127075  0.1064117
Elapsed:  0 days 00:00:00.331250

---------------- EPOCH: 54 ------------------------
                 Train         Val
  KL Divergence:  0.8020325  0.6772209
  Reconstruction MSE:  0.3489515  0.4684389
  Spectral Overlap:  0.1173652  0.6224802
  Spatial Correlations:  0.0848838  0.1163570
  Spectral Weighted Spatial Correlations:  0.0049071  0.0695273
  Curve Fit MAE:  0.1038302  0.6709460
  L1 Decoder Reg:  2.1024225  2.1187403
  Centering Loss:  0.0158505  0.1063142
Elapsed:  0 days 00:00:00.341944

---------------- EPOCH: 55 ------------------------
                 Train         Val
  KL Divergence:  0.8095121  0.6757964
  Reconstruction MSE:  0.3475918  0.4586913
  Spectral Overlap:  0.1175629  0.6201499
  Spatial Correlations:  0.0859136  0.1158228
  Spectral Weighted Spatial Correlations:  0.0048533  0.0686992
  Curve Fit MAE:  0.1041903  0.6719343
  L1 Decoder Reg:  2.1026821  2.1183879
  Centering Loss:  0.0115351  0.1063645
Elapsed:  0 days 00:00:00.324974

---------------- EPOCH: 56 ------------------------
                 Train         Val
  KL Divergence:  0.8020593  0.6743571
  Reconstruction MSE:  0.3480912  0.4651060
  Spectral Overlap:  0.1138909  0.6208931
  Spatial Correlations:  0.0866161  0.1146459
  Spectral Weighted Spatial Correlations:  0.0051860  0.0679792
  Curve Fit MAE:  0.1050491  0.6731716
  L1 Decoder Reg:  2.1015730  2.1180236
  Centering Loss:  0.0154112  0.1063176
Elapsed:  0 days 00:00:00.326380

---------------- EPOCH: 57 ------------------------
                 Train         Val
  KL Divergence:  0.8150909  0.6733875
  Reconstruction MSE:  0.3452196  0.4604273
  Spectral Overlap:  0.1142823  0.6214713
  Spatial Correlations:  0.0911238  0.1124206
  Spectral Weighted Spatial Correlations:  0.0051240  0.0666162
  Curve Fit MAE:  0.0987208  0.6744741
  L1 Decoder Reg:  2.1025167  2.1176913
  Centering Loss:  0.0144001  0.1060082
Elapsed:  0 days 00:00:00.329202

---------------- EPOCH: 58 ------------------------
                 Train         Val
  KL Divergence:  0.8172217  0.6726390
  Reconstruction MSE:  0.3464600  0.4611560
  Spectral Overlap:  0.1137861  0.6200323
  Spatial Correlations:  0.0796556  0.1122535
  Spectral Weighted Spatial Correlations:  0.0039645  0.0661166
  Curve Fit MAE:  0.1104129  0.6759742
  L1 Decoder Reg:  2.1026697  2.1173635
  Centering Loss:  0.0161309  0.1055320
Elapsed:  0 days 00:00:00.329894

---------------- EPOCH: 59 ------------------------
                 Train         Val
  KL Divergence:  0.8262287  0.6724278
  Reconstruction MSE:  0.3445664  0.4603471
  Spectral Overlap:  0.1147206  0.6195419
  Spatial Correlations:  0.0762270  0.1107508
  Spectral Weighted Spatial Correlations:  0.0033829  0.0650501
  Curve Fit MAE:  0.0968940  0.6770214
  L1 Decoder Reg:  2.1029739  2.1170521
  Centering Loss:  0.0155437  0.1052652
Elapsed:  0 days 00:00:00.328532

---------------- EPOCH: 60 ------------------------
                 Train         Val
  KL Divergence:  0.8214960  0.6723141
  Reconstruction MSE:  0.3481587  0.4627538
  Spectral Overlap:  0.1109865  0.6194705
  Spatial Correlations:  0.0783771  0.1096728
  Spectral Weighted Spatial Correlations:  0.0026789  0.0642909
  Curve Fit MAE:  0.0986710  0.6777755
  L1 Decoder Reg:  2.1038404  2.1167617
  Centering Loss:  0.0138342  0.1054239
Elapsed:  0 days 00:00:00.334328

---------------- EPOCH: 61 ------------------------
                 Train         Val
  KL Divergence:  0.8314424  0.6728184
  Reconstruction MSE:  0.3476473  0.4594666
  Spectral Overlap:  0.1136652  0.6170222
  Spatial Correlations:  0.0799006  0.1099703
  Spectral Weighted Spatial Correlations:  0.0032525  0.0638962
  Curve Fit MAE:  0.1058812  0.6784126
  L1 Decoder Reg:  2.1042554  2.1164842
  Centering Loss:  0.0155385  0.1055952
Elapsed:  0 days 00:00:00.321812

---------------- EPOCH: 62 ------------------------
                 Train         Val
  KL Divergence:  0.8491687  0.6734585
  Reconstruction MSE:  0.3465016  0.4582403
  Spectral Overlap:  0.1144005  0.6165848
  Spatial Correlations:  0.0781180  0.1088301
  Spectral Weighted Spatial Correlations:  0.0029672  0.0630344
  Curve Fit MAE:  0.1060402  0.6790178
  L1 Decoder Reg:  2.1042109  2.1162102
  Centering Loss:  0.0183864  0.1058879
Elapsed:  0 days 00:00:00.343022

---------------- EPOCH: 63 ------------------------
                 Train         Val
  KL Divergence:  0.8614736  0.6742367
  Reconstruction MSE:  0.3446070  0.4608816
  Spectral Overlap:  0.1152269  0.6160145
  Spatial Correlations:  0.0891537  0.1078237
  Spectral Weighted Spatial Correlations:  0.0043461  0.0621776
  Curve Fit MAE:  0.1032339  0.6796438
  L1 Decoder Reg:  2.1041007  2.1159363
  Centering Loss:  0.0172365  0.1065552
Elapsed:  0 days 00:00:00.327458

---------------- EPOCH: 64 ------------------------
                 Train         Val
  KL Divergence:  0.8828446  0.6755369
  Reconstruction MSE:  0.3443871  0.4530538
  Spectral Overlap:  0.1223833  0.6152706
  Spatial Correlations:  0.0901080  0.1065185
  Spectral Weighted Spatial Correlations:  0.0044335  0.0611969
  Curve Fit MAE:  0.0942150  0.6807222
  L1 Decoder Reg:  2.1034076  2.1156566
  Centering Loss:  0.0155285  0.1072419
Elapsed:  0 days 00:00:00.323022

---------------- EPOCH: 65 ------------------------
                 Train         Val
  KL Divergence:  0.8767713  0.6761971
  Reconstruction MSE:  0.3448415  0.4555750
  Spectral Overlap:  0.1185302  0.6123972
  Spatial Correlations:  0.0814461  0.1070938
  Spectral Weighted Spatial Correlations:  0.0041812  0.0608035
  Curve Fit MAE:  0.0963979  0.6821642
  L1 Decoder Reg:  2.1032052  2.1153808
  Centering Loss:  0.0107936  0.1074487
Elapsed:  0 days 00:00:00.351160

---------------- EPOCH: 66 ------------------------
                 Train         Val
  KL Divergence:  0.8735262  0.6763113
  Reconstruction MSE:  0.3434024  0.4578955
  Spectral Overlap:  0.1153292  0.6110836
  Spatial Correlations:  0.0886810  0.1049585
  Spectral Weighted Spatial Correlations:  0.0039282  0.0593561
  Curve Fit MAE:  0.1076218  0.6832415
  L1 Decoder Reg:  2.1041758  2.1151361
  Centering Loss:  0.0200957  0.1075072
Elapsed:  0 days 00:00:00.329483

---------------- EPOCH: 67 ------------------------
                 Train         Val
  KL Divergence:  0.8962655  0.6775872
  Reconstruction MSE:  0.3419451  0.4576485
  Spectral Overlap:  0.1157681  0.6112298
  Spatial Correlations:  0.1032486  0.1031580
  Spectral Weighted Spatial Correlations:  0.0055737  0.0581042
  Curve Fit MAE:  0.1043906  0.6847231
  L1 Decoder Reg:  2.1053128  2.1149123
  Centering Loss:  0.0142065  0.1078699
Elapsed:  0 days 00:00:00.337359

---------------- EPOCH: 68 ------------------------
                 Train         Val
  KL Divergence:  0.9108855  0.6788219
  Reconstruction MSE:  0.3423741  0.4575001
  Spectral Overlap:  0.1165086  0.6122795
  Spatial Correlations:  0.1020507  0.1011537
  Spectral Weighted Spatial Correlations:  0.0054521  0.0571908
  Curve Fit MAE:  0.1009437  0.6859134
  L1 Decoder Reg:  2.1056714  2.1147003
  Centering Loss:  0.0182426  0.1079851
Elapsed:  0 days 00:00:00.346660

---------------- EPOCH: 69 ------------------------
                 Train         Val
  KL Divergence:  0.8927609  0.6794908
  Reconstruction MSE:  0.3446645  0.4514385
  Spectral Overlap:  0.1119547  0.6084156
  Spatial Correlations:  0.0983491  0.1027795
  Spectral Weighted Spatial Correlations:  0.0049188  0.0571403
  Curve Fit MAE:  0.0911972  0.6869315
  L1 Decoder Reg:  2.1061735  2.1145041
  Centering Loss:  0.0150633  0.1077477
Elapsed:  0 days 00:00:00.342547

---------------- EPOCH: 70 ------------------------
                 Train         Val
  KL Divergence:  0.8802924  0.6796915
  Reconstruction MSE:  0.3444660  0.4513867
  Spectral Overlap:  0.1109008  0.6059599
  Spatial Correlations:  0.1081488  0.1010478
  Spectral Weighted Spatial Correlations:  0.0060016  0.0556248
  Curve Fit MAE:  0.0847729  0.6876558
  L1 Decoder Reg:  2.1068001  2.1143205
  Centering Loss:  0.0085524  0.1073192
Elapsed:  0 days 00:00:00.342183

---------------- EPOCH: 71 ------------------------
                 Train         Val
  KL Divergence:  0.8775119  0.6795878
  Reconstruction MSE:  0.3439768  0.4523764
  Spectral Overlap:  0.1081118  0.6072944
  Spatial Correlations:  0.0918624  0.1000265
  Spectral Weighted Spatial Correlations:  0.0040688  0.0552337
  Curve Fit MAE:  0.0890308  0.6879429
  L1 Decoder Reg:  2.1067286  2.1141424
  Centering Loss:  0.0137250  0.1070069
Elapsed:  0 days 00:00:00.336911

---------------- EPOCH: 72 ------------------------
                 Train         Val
  KL Divergence:  0.8810264  0.6796224
  Reconstruction MSE:  0.3447877  0.4515938
  Spectral Overlap:  0.1065304  0.6066996
  Spatial Correlations:  0.0820572  0.0994588
  Spectral Weighted Spatial Correlations:  0.0035072  0.0545924
  Curve Fit MAE:  0.0956049  0.6880356
  L1 Decoder Reg:  2.1078799  2.1139903
  Centering Loss:  0.0127118  0.1069612
Elapsed:  0 days 00:00:00.329940

---------------- EPOCH: 73 ------------------------
                 Train         Val
  KL Divergence:  0.8882766  0.6799538
  Reconstruction MSE:  0.3443326  0.4559345
  Spectral Overlap:  0.1084014  0.6067647
  Spatial Correlations:  0.0902118  0.0976930
  Spectral Weighted Spatial Correlations:  0.0043271  0.0535527
  Curve Fit MAE:  0.1052620  0.6881008
  L1 Decoder Reg:  2.1086001  2.1138535
  Centering Loss:  0.0118505  0.1067793
Elapsed:  0 days 00:00:00.338117

---------------- EPOCH: 74 ------------------------
                 Train         Val
  KL Divergence:  0.9002590  0.6808371
  Reconstruction MSE:  0.3443953  0.4526256
  Spectral Overlap:  0.1042787  0.6035988
  Spatial Correlations:  0.0834505  0.0977966
  Spectral Weighted Spatial Correlations:  0.0032588  0.0530074
  Curve Fit MAE:  0.1115999  0.6884338
  L1 Decoder Reg:  2.1092484  2.1137328
  Centering Loss:  0.0177276  0.1065970
Elapsed:  0 days 00:00:00.329886

---------------- EPOCH: 75 ------------------------
                 Train         Val
  KL Divergence:  0.9085843  0.6818452
  Reconstruction MSE:  0.3424040  0.4513003
  Spectral Overlap:  0.1050618  0.6031600
  Spatial Correlations:  0.0820738  0.0983542
  Spectral Weighted Spatial Correlations:  0.0026319  0.0530954
  Curve Fit MAE:  0.1009664  0.6886392
  L1 Decoder Reg:  2.1099277  2.1136255
  Centering Loss:  0.0147463  0.1066715
Elapsed:  0 days 00:00:00.337402

---------------- EPOCH: 76 ------------------------
                 Train         Val
  KL Divergence:  0.9055096  0.6827687
  Reconstruction MSE:  0.3423620  0.4512284
  Spectral Overlap:  0.1042215  0.6018579
  Spatial Correlations:  0.0844346  0.0984103
  Spectral Weighted Spatial Correlations:  0.0035493  0.0529210
  Curve Fit MAE:  0.0973832  0.6893538
  L1 Decoder Reg:  2.1099908  2.1135237
  Centering Loss:  0.0139671  0.1068526
Elapsed:  0 days 00:00:00.329746

---------------- EPOCH: 77 ------------------------
                 Train         Val
  KL Divergence:  0.8785939  0.6831204
  Reconstruction MSE:  0.3451449  0.4495940
  Spectral Overlap:  0.1011156  0.6018938
  Spatial Correlations:  0.0869937  0.0982893
  Spectral Weighted Spatial Correlations:  0.0027350  0.0527673
  Curve Fit MAE:  0.0995632  0.6904126
  L1 Decoder Reg:  2.1109517  2.1134453
  Centering Loss:  0.0139254  0.1066382
Elapsed:  0 days 00:00:00.339463

---------------- EPOCH: 78 ------------------------
                 Train         Val
  KL Divergence:  0.9075930  0.6836706
  Reconstruction MSE:  0.3445256  0.4527547
  Spectral Overlap:  0.0995044  0.5977507
  Spatial Correlations:  0.0926923  0.0992380
  Spectral Weighted Spatial Correlations:  0.0031063  0.0525036
  Curve Fit MAE:  0.0939034  0.6911205
  L1 Decoder Reg:  2.1117790  2.1133814
  Centering Loss:  0.0186016  0.1062868
Elapsed:  0 days 00:00:00.345684

---------------- EPOCH: 79 ------------------------
                 Train         Val
  KL Divergence:  0.9281350  0.6847344
  Reconstruction MSE:  0.3421306  0.4443625
  Spectral Overlap:  0.1061162  0.5982084
  Spatial Correlations:  0.0990258  0.0990156
  Spectral Weighted Spatial Correlations:  0.0040459  0.0524729
  Curve Fit MAE:  0.0996314  0.6916393
  L1 Decoder Reg:  2.1120789  2.1133225
  Centering Loss:  0.0167303  0.1062766
Elapsed:  0 days 00:00:00.344252

---------------- EPOCH: 80 ------------------------
                 Train         Val
  KL Divergence:  0.9441439  0.6857555
  Reconstruction MSE:  0.3419906  0.4538931
  Spectral Overlap:  0.1064019  0.5970389
  Spatial Correlations:  0.0898947  0.0989727
  Spectral Weighted Spatial Correlations:  0.0029666  0.0522524
  Curve Fit MAE:  0.1007267  0.6922539
  L1 Decoder Reg:  2.1123481  2.1132698
  Centering Loss:  0.0220165  0.1066778
Elapsed:  0 days 00:00:00.335088

---------------- EPOCH: 81 ------------------------
                 Train         Val
  KL Divergence:  0.9383782  0.6867685
  Reconstruction MSE:  0.3429222  0.4472331
  Spectral Overlap:  0.1074582  0.5986053
  Spatial Correlations:  0.0844905  0.0988900
  Spectral Weighted Spatial Correlations:  0.0026734  0.0523459
  Curve Fit MAE:  0.1060767  0.6933011
  L1 Decoder Reg:  2.1118400  2.1132069
  Centering Loss:  0.0181092  0.1069653
Elapsed:  0 days 00:00:00.338283

---------------- EPOCH: 82 ------------------------
                 Train         Val
  KL Divergence:  0.9843255  0.6893178
  Reconstruction MSE:  0.3394874  0.4538942
  Spectral Overlap:  0.1135701  0.5949422
  Spatial Correlations:  0.0828122  0.0996466
  Spectral Weighted Spatial Correlations:  0.0030544  0.0521146
  Curve Fit MAE:  0.0880532  0.6946933
  L1 Decoder Reg:  2.1123273  2.1131616
  Centering Loss:  0.0120120  0.1070774
Elapsed:  0 days 00:00:00.344822

---------------- EPOCH: 83 ------------------------
                 Train         Val
  KL Divergence:  0.9645367  0.6909865
  Reconstruction MSE:  0.3419639  0.4461625
  Spectral Overlap:  0.1122177  0.5940726
  Spatial Correlations:  0.0776339  0.0993719
  Spectral Weighted Spatial Correlations:  0.0031368  0.0518048
  Curve Fit MAE:  0.0862241  0.6960846
  L1 Decoder Reg:  2.1128728  2.1131222
  Centering Loss:  0.0155006  0.1070217
Elapsed:  0 days 00:00:00.312418

---------------- EPOCH: 84 ------------------------
                 Train         Val
  KL Divergence:  0.9487483  0.6923684
  Reconstruction MSE:  0.3431180  0.4492527
  Spectral Overlap:  0.1057397  0.5933415
  Spatial Correlations:  0.0744606  0.1004246
  Spectral Weighted Spatial Correlations:  0.0024176  0.0521394
  Curve Fit MAE:  0.0801381  0.6972886
  L1 Decoder Reg:  2.1126947  2.1130800
  Centering Loss:  0.0134986  0.1071198
Elapsed:  0 days 00:00:00.331456

---------------- EPOCH: 85 ------------------------
                 Train         Val
  KL Divergence:  0.9477714  0.6940898
  Reconstruction MSE:  0.3430077  0.4487833
  Spectral Overlap:  0.1022544  0.5917915
  Spatial Correlations:  0.0775685  0.0998018
  Spectral Weighted Spatial Correlations:  0.0024318  0.0515654
  Curve Fit MAE:  0.0840343  0.6982527
  L1 Decoder Reg:  2.1135001  2.1130590
  Centering Loss:  0.0150718  0.1074644
Elapsed:  0 days 00:00:00.336363

---------------- EPOCH: 86 ------------------------
                 Train         Val
  KL Divergence:  0.9495661  0.6960423
  Reconstruction MSE:  0.3427752  0.4489712
  Spectral Overlap:  0.1014053  0.5905043
  Spatial Correlations:  0.0804725  0.0995130
  Spectral Weighted Spatial Correlations:  0.0024920  0.0511770
  Curve Fit MAE:  0.0876906  0.6989493
  L1 Decoder Reg:  2.1142592  2.1130533
  Centering Loss:  0.0085357  0.1077394
Elapsed:  0 days 00:00:00.344642

---------------- EPOCH: 87 ------------------------
                 Train         Val
  KL Divergence:  0.9630675  0.6980668
  Reconstruction MSE:  0.3414520  0.4407750
  Spectral Overlap:  0.0992394  0.5890184
  Spatial Correlations:  0.0871783  0.0999814
  Spectral Weighted Spatial Correlations:  0.0032307  0.0511536
  Curve Fit MAE:  0.0863984  0.6996222
  L1 Decoder Reg:  2.1155372  2.1130722
  Centering Loss:  0.0161779  0.1076889
Elapsed:  0 days 00:00:00.315166

---------------- EPOCH: 88 ------------------------
                 Train         Val
  KL Divergence:  0.9584649  0.6991320
  Reconstruction MSE:  0.3426763  0.4449121
  Spectral Overlap:  0.0965834  0.5880448
  Spatial Correlations:  0.0846776  0.0991876
  Spectral Weighted Spatial Correlations:  0.0031617  0.0505760
  Curve Fit MAE:  0.0923491  0.7004331
  L1 Decoder Reg:  2.1161354  2.1131032
  Centering Loss:  0.0111976  0.1074130
Elapsed:  0 days 00:00:00.328312

---------------- EPOCH: 89 ------------------------
                 Train         Val
  KL Divergence:  0.9650999  0.6998041
  Reconstruction MSE:  0.3395134  0.4528485
  Spectral Overlap:  0.0995487  0.5869254
  Spatial Correlations:  0.0847684  0.0993363
  Spectral Weighted Spatial Correlations:  0.0030681  0.0503774
  Curve Fit MAE:  0.0867014  0.7011290
  L1 Decoder Reg:  2.1173885  2.1131589
  Centering Loss:  0.0114065  0.1073229
Elapsed:  0 days 00:00:00.331407

---------------- EPOCH: 90 ------------------------
                 Train         Val
  KL Divergence:  0.9796376  0.7004741
  Reconstruction MSE:  0.3394980  0.4501657
  Spectral Overlap:  0.1014169  0.5870054
  Spatial Correlations:  0.0853773  0.0988403
  Spectral Weighted Spatial Correlations:  0.0030060  0.0499462
  Curve Fit MAE:  0.1106118  0.7018970
  L1 Decoder Reg:  2.1181133  2.1132233
  Centering Loss:  0.0137554  0.1075288
Elapsed:  0 days 00:00:00.337236

---------------- EPOCH: 91 ------------------------
                 Train         Val
  KL Divergence:  0.9449759  0.7006294
  Reconstruction MSE:  0.3445536  0.4467705
  Spectral Overlap:  0.0997778  0.5873150
  Spatial Correlations:  0.0930854  0.0976421
  Spectral Weighted Spatial Correlations:  0.0038837  0.0494954
  Curve Fit MAE:  0.1003435  0.7029799
  L1 Decoder Reg:  2.1185746  2.1132987
  Centering Loss:  0.0136244  0.1078380
Elapsed:  0 days 00:00:00.323846

---------------- EPOCH: 92 ------------------------
                 Train         Val
  KL Divergence:  0.9770064  0.7021469
  Reconstruction MSE:  0.3402008  0.4422621
  Spectral Overlap:  0.1040380  0.5872446
  Spatial Correlations:  0.0853614  0.0971374
  Spectral Weighted Spatial Correlations:  0.0038517  0.0490757
  Curve Fit MAE:  0.0923954  0.7037709
  L1 Decoder Reg:  2.1196203  2.1133952
  Centering Loss:  0.0134863  0.1082867
Elapsed:  0 days 00:00:00.335283

---------------- EPOCH: 93 ------------------------
                 Train         Val
  KL Divergence:  0.9839856  0.7035969
  Reconstruction MSE:  0.3400908  0.4455916
  Spectral Overlap:  0.1021540  0.5816739
  Spatial Correlations:  0.0879838  0.1000325
  Spectral Weighted Spatial Correlations:  0.0038183  0.0495270
  Curve Fit MAE:  0.0939227  0.7049998
  L1 Decoder Reg:  2.1208544  2.1135130
  Centering Loss:  0.0106837  0.1087336
Elapsed:  0 days 00:00:00.331708

---------------- EPOCH: 94 ------------------------
                 Train         Val
  KL Divergence:  0.9835797  0.7049488
  Reconstruction MSE:  0.3413491  0.4411002
  Spectral Overlap:  0.1010768  0.5846658
  Spatial Correlations:  0.0767965  0.0969732
  Spectral Weighted Spatial Correlations:  0.0027549  0.0483336
  Curve Fit MAE:  0.0917785  0.7062851
  L1 Decoder Reg:  2.1221952  2.1136575
  Centering Loss:  0.0140919  0.1090582
Elapsed:  0 days 00:00:00.328534

---------------- EPOCH: 95 ------------------------
                 Train         Val
  KL Divergence:  0.9971125  0.7067468
  Reconstruction MSE:  0.3396066  0.4436964
  Spectral Overlap:  0.1020223  0.5817863
  Spatial Correlations:  0.0764645  0.0977095
  Spectral Weighted Spatial Correlations:  0.0019085  0.0482036
  Curve Fit MAE:  0.0836252  0.7074124
  L1 Decoder Reg:  2.1234522  2.1138167
  Centering Loss:  0.0147523  0.1093631
Elapsed:  0 days 00:00:00.368810

---------------- EPOCH: 96 ------------------------
                 Train         Val
  KL Divergence:  1.0083991  0.7085791
  Reconstruction MSE:  0.3403147  0.4434161
  Spectral Overlap:  0.1031249  0.5812900
  Spatial Correlations:  0.0806714  0.0965042
  Spectral Weighted Spatial Correlations:  0.0027935  0.0474238
  Curve Fit MAE:  0.0897315  0.7081840
  L1 Decoder Reg:  2.1244643  2.1139944
  Centering Loss:  0.0131664  0.1096236
Elapsed:  0 days 00:00:00.339444

---------------- EPOCH: 97 ------------------------
                 Train         Val
  KL Divergence:  0.9941286  0.7093188
  Reconstruction MSE:  0.3399521  0.4397133
  Spectral Overlap:  0.0997898  0.5794321
  Spatial Correlations:  0.0833059  0.0967763
  Spectral Weighted Spatial Correlations:  0.0023213  0.0472737
  Curve Fit MAE:  0.0897898  0.7090042
  L1 Decoder Reg:  2.1245074  2.1141632
  Centering Loss:  0.0153422  0.1097551
Elapsed:  0 days 00:00:00.343362

---------------- EPOCH: 98 ------------------------
                 Train         Val
  KL Divergence:  0.9966172  0.7106622
  Reconstruction MSE:  0.3406926  0.4447991
  Spectral Overlap:  0.1004754  0.5800877
  Spatial Correlations:  0.0817348  0.0958006
  Spectral Weighted Spatial Correlations:  0.0024893  0.0466605
  Curve Fit MAE:  0.0953832  0.7096671
  L1 Decoder Reg:  2.1244912  2.1143365
  Centering Loss:  0.0121982  0.1099764
Elapsed:  0 days 00:00:00.340485

---------------- EPOCH: 99 ------------------------
                 Train         Val
  KL Divergence:  1.0298033  0.7128866
  Reconstruction MSE:  0.3384627  0.4413837
  Spectral Overlap:  0.1034075  0.5789034
  Spatial Correlations:  0.0788523  0.0958741
  Spectral Weighted Spatial Correlations:  0.0024538  0.0463663
  Curve Fit MAE:  0.1261011  0.7104695
  L1 Decoder Reg:  2.1256769  2.1145306
  Centering Loss:  0.0143012  0.1101747
Elapsed:  0 days 00:00:00.339855

---------------- EPOCH: 100 ------------------------
                 Train         Val
  KL Divergence:  1.0387368  0.7150045
  Reconstruction MSE:  0.3386255  0.4475686
  Spectral Overlap:  0.1019688  0.5792959
  Spatial Correlations:  0.0790909  0.0952442
  Spectral Weighted Spatial Correlations:  0.0023918  0.0459562
  Curve Fit MAE:  0.1003939  0.7109026
  L1 Decoder Reg:  2.1270897  2.1147485
  Centering Loss:  0.0120623  0.1101957
Elapsed:  0 days 00:00:00.329826

---------------- EPOCH: 101 ------------------------
                 Train         Val
  KL Divergence:  1.0531074  0.7175815
  Reconstruction MSE:  0.3379739  0.4439977
  Spectral Overlap:  0.1035112  0.5774791
  Spatial Correlations:  0.0835425  0.0962098
  Spectral Weighted Spatial Correlations:  0.0028926  0.0458867
  Curve Fit MAE:  0.0984117  0.7112510
  L1 Decoder Reg:  2.1281307  2.1149771
  Centering Loss:  0.0184736  0.1102795
Elapsed:  0 days 00:00:00.332518

---------------- EPOCH: 102 ------------------------
                 Train         Val
  KL Divergence:  1.0429517  0.7202254
  Reconstruction MSE:  0.3388633  0.4430051
  Spectral Overlap:  0.1008774  0.5780441
  Spatial Correlations:  0.0927345  0.0952894
  Spectral Weighted Spatial Correlations:  0.0033109  0.0454396
  Curve Fit MAE:  0.0942710  0.7115976
  L1 Decoder Reg:  2.1291823  2.1152303
  Centering Loss:  0.0130281  0.1104956
Elapsed:  0 days 00:00:00.331369

---------------- EPOCH: 103 ------------------------
                 Train         Val
  KL Divergence:  1.0675673  0.7227575
  Reconstruction MSE:  0.3395330  0.4388488
  Spectral Overlap:  0.1055991  0.5763395
  Spatial Correlations:  0.0829175  0.0949698
  Spectral Weighted Spatial Correlations:  0.0029944  0.0449410
  Curve Fit MAE:  0.0967925  0.7120210
  L1 Decoder Reg:  2.1308300  2.1155026
  Centering Loss:  0.0187671  0.1107510
Elapsed:  0 days 00:00:00.326356

---------------- EPOCH: 104 ------------------------
                 Train         Val
  KL Divergence:  1.0420271  0.7245525
  Reconstruction MSE:  0.3393560  0.4432944
  Spectral Overlap:  0.0998779  0.5754012
  Spatial Correlations:  0.0842646  0.0950620
  Spectral Weighted Spatial Correlations:  0.0024870  0.0447532
  Curve Fit MAE:  0.0947585  0.7127753
  L1 Decoder Reg:  2.1317050  2.1157920
  Centering Loss:  0.0156484  0.1109308
Elapsed:  0 days 00:00:00.329954

---------------- EPOCH: 105 ------------------------
                 Train         Val
  KL Divergence:  1.0754116  0.7270738
  Reconstruction MSE:  0.3376356  0.4405653
  Spectral Overlap:  0.1036395  0.5761393
  Spatial Correlations:  0.0851002  0.0934275
  Spectral Weighted Spatial Correlations:  0.0037154  0.0440672
  Curve Fit MAE:  0.0995317  0.7132252
  L1 Decoder Reg:  2.1332374  2.1161025
  Centering Loss:  0.0158589  0.1112236
Elapsed:  0 days 00:00:00.310527

---------------- EPOCH: 106 ------------------------
                 Train         Val
  KL Divergence:  1.0742364  0.7291117
  Reconstruction MSE:  0.3381771  0.4431312
  Spectral Overlap:  0.1021410  0.5774228
  Spatial Correlations:  0.0768845  0.0928822
  Spectral Weighted Spatial Correlations:  0.0022761  0.0436270
  Curve Fit MAE:  0.0910716  0.7134699
  L1 Decoder Reg:  2.1342900  2.1164293
  Centering Loss:  0.0138227  0.1116985
Elapsed:  0 days 00:00:00.338672

---------------- EPOCH: 107 ------------------------
                 Train         Val
  KL Divergence:  1.0550780  0.7305742
  Reconstruction MSE:  0.3388873  0.4429076
  Spectral Overlap:  0.1028081  0.5757377
  Spatial Correlations:  0.0820144  0.0936531
  Spectral Weighted Spatial Correlations:  0.0031076  0.0435840
  Curve Fit MAE:  0.0936330  0.7135394
  L1 Decoder Reg:  2.1354563  2.1167669
  Centering Loss:  0.0181854  0.1123535
Elapsed:  0 days 00:00:00.336299

---------------- EPOCH: 108 ------------------------
                 Train         Val
  KL Divergence:  1.0487353  0.7322637
  Reconstruction MSE:  0.3405253  0.4390329
  Spectral Overlap:  0.1008953  0.5761873
  Spatial Correlations:  0.0793626  0.0927367
  Spectral Weighted Spatial Correlations:  0.0022792  0.0430198
  Curve Fit MAE:  0.0828390  0.7131736
  L1 Decoder Reg:  2.1359019  2.1171093
  Centering Loss:  0.0071185  0.1129624
Elapsed:  0 days 00:00:00.336170

---------------- EPOCH: 109 ------------------------
                 Train         Val
  KL Divergence:  1.0737878  0.7349401
  Reconstruction MSE:  0.3363367  0.4481678
  Spectral Overlap:  0.1031928  0.5752525
  Spatial Correlations:  0.0821956  0.0925975
  Spectral Weighted Spatial Correlations:  0.0028516  0.0427920
  Curve Fit MAE:  0.0764513  0.7126013
  L1 Decoder Reg:  2.1374333  2.1174810
  Centering Loss:  0.0190946  0.1134834
Elapsed:  0 days 00:00:00.335295

---------------- EPOCH: 110 ------------------------
                 Train         Val
  KL Divergence:  1.0671803  0.7369971
  Reconstruction MSE:  0.3369539  0.4465320
  Spectral Overlap:  0.1023309  0.5742846
  Spatial Correlations:  0.0736187  0.0925667
  Spectral Weighted Spatial Correlations:  0.0016836  0.0425493
  Curve Fit MAE:  0.0885929  0.7124220
  L1 Decoder Reg:  2.1392524  2.1178780
  Centering Loss:  0.0132039  0.1139077
Elapsed:  0 days 00:00:00.339358

---------------- EPOCH: 111 ------------------------
                 Train         Val
  KL Divergence:  1.0345552  0.7383560
  Reconstruction MSE:  0.3397298  0.4397376
  Spectral Overlap:  0.0979282  0.5744869
  Spatial Correlations:  0.0840986  0.0921516
  Spectral Weighted Spatial Correlations:  0.0026041  0.0421418
  Curve Fit MAE:  0.0829390  0.7125639
  L1 Decoder Reg:  2.1410923  2.1183012
  Centering Loss:  0.0147986  0.1142272
Elapsed:  0 days 00:00:00.328795

---------------- EPOCH: 112 ------------------------
                 Train         Val
  KL Divergence:  1.0360714  0.7399153
  Reconstruction MSE:  0.3392777  0.4498554
  Spectral Overlap:  0.0959439  0.5750801
  Spatial Correlations:  0.0841167  0.0903122
  Spectral Weighted Spatial Correlations:  0.0021533  0.0414061
  Curve Fit MAE:  0.0822499  0.7128388
  L1 Decoder Reg:  2.1421981  2.1187382
  Centering Loss:  0.0101638  0.1142669
Elapsed:  0 days 00:00:00.325116

---------------- EPOCH: 113 ------------------------
                 Train         Val
  KL Divergence:  1.0534848  0.7420267
  Reconstruction MSE:  0.3371257  0.4391443
  Spectral Overlap:  0.0953151  0.5716975
  Spatial Correlations:  0.0863675  0.0924228
  Spectral Weighted Spatial Correlations:  0.0023807  0.0416584
  Curve Fit MAE:  0.0806031  0.7131724
  L1 Decoder Reg:  2.1438966  2.1191988
  Centering Loss:  0.0179943  0.1142713
Elapsed:  0 days 00:00:00.333204

---------------- EPOCH: 114 ------------------------
                 Train         Val
  KL Divergence:  1.0363727  0.7442539
  Reconstruction MSE:  0.3382984  0.4460238
  Spectral Overlap:  0.0950775  0.5724669
  Spatial Correlations:  0.0781319  0.0903447
  Spectral Weighted Spatial Correlations:  0.0017673  0.0408325
  Curve Fit MAE:  0.0914244  0.7136588
  L1 Decoder Reg:  2.1450622  2.1196721
  Centering Loss:  0.0111935  0.1143649
Elapsed:  0 days 00:00:00.332640

---------------- EPOCH: 115 ------------------------
                 Train         Val
  KL Divergence:  1.0560616  0.7476633
  Reconstruction MSE:  0.3375351  0.4454661
  Spectral Overlap:  0.0955178  0.5709957
  Spatial Correlations:  0.0850541  0.0908724
  Spectral Weighted Spatial Correlations:  0.0021543  0.0407445
  Curve Fit MAE:  0.0895197  0.7143639
  L1 Decoder Reg:  2.1465302  2.1201675
  Centering Loss:  0.0138472  0.1146587
Elapsed:  0 days 00:00:00.332296

---------------- EPOCH: 116 ------------------------
                 Train         Val
  KL Divergence:  1.0519137  0.7507790
  Reconstruction MSE:  0.3382164  0.4419883
  Spectral Overlap:  0.0954473  0.5711500
  Spatial Correlations:  0.0870083  0.0896031
  Spectral Weighted Spatial Correlations:  0.0027951  0.0400581
  Curve Fit MAE:  0.0859227  0.7152473
  L1 Decoder Reg:  2.1476994  2.1206706
  Centering Loss:  0.0098038  0.1150380
Elapsed:  0 days 00:00:00.329005

---------------- EPOCH: 117 ------------------------
                 Train         Val
  KL Divergence:  1.0389251  0.7538958
  Reconstruction MSE:  0.3384969  0.4433521
  Spectral Overlap:  0.0935392  0.5725964
  Spatial Correlations:  0.0924507  0.0876344
  Spectral Weighted Spatial Correlations:  0.0031639  0.0392920
  Curve Fit MAE:  0.0816114  0.7160660
  L1 Decoder Reg:  2.1487341  2.1211882
  Centering Loss:  0.0131433  0.1153962
Elapsed:  0 days 00:00:00.330941

---------------- EPOCH: 118 ------------------------
                 Train         Val
  KL Divergence:  1.0625176  0.7572027
  Reconstruction MSE:  0.3376414  0.4393329
  Spectral Overlap:  0.0978824  0.5721635
  Spatial Correlations:  0.0940972  0.0876665
  Spectral Weighted Spatial Correlations:  0.0031818  0.0389836
  Curve Fit MAE:  0.0802461  0.7164100
  L1 Decoder Reg:  2.1499157  2.1217186
  Centering Loss:  0.0127732  0.1154588
Elapsed:  0 days 00:00:00.323360

---------------- EPOCH: 119 ------------------------
                 Train         Val
  KL Divergence:  1.0514816  0.7598093
  Reconstruction MSE:  0.3364412  0.4490197
  Spectral Overlap:  0.0956117  0.5683187
  Spatial Correlations:  0.0926486  0.0889018
  Spectral Weighted Spatial Correlations:  0.0043875  0.0391216
  Curve Fit MAE:  0.0793580  0.7165466
  L1 Decoder Reg:  2.1518571  2.1222770
  Centering Loss:  0.0091118  0.1152822
Elapsed:  0 days 00:00:00.322279

Sorted model latents by frequency.
Aligned model to ENSO.
RANDOM SEED IS 1861488515
---------------- EPOCH: 0 ------------------------
                 Train         Val
  KL Divergence:  0.4557436  0.0532807
  Reconstruction MSE:  0.4641466  0.5569493
  Spectral Overlap:  0.5750693  0.6315039
  Spatial Correlations:  0.2074326  0.3459673
  Spectral Weighted Spatial Correlations:  0.1222229  0.2181459
  Curve Fit MAE:  0.6442794  0.6586024
  L1 Decoder Reg:  3.4303160  3.4022293
  Centering Loss:  0.0419079  0.0898659
Elapsed:  0 days 00:00:00.455309

---------------- EPOCH: 1 ------------------------
                 Train         Val
  KL Divergence:  0.6047649  0.0777052
  Reconstruction MSE:  0.4624513  0.5575215
  Spectral Overlap:  0.4562652  0.6232003
  Spatial Correlations:  0.0766232  0.3367596
  Spectral Weighted Spatial Correlations:  0.0344812  0.2087131
  Curve Fit MAE:  0.5643441  0.7575098
  L1 Decoder Reg:  3.4841411  3.4039011
  Centering Loss:  0.0272642  0.1037333
Elapsed:  0 days 00:00:00.449075

---------------- EPOCH: 2 ------------------------
                 Train         Val
  KL Divergence:  0.6086932  0.1267317
  Reconstruction MSE:  0.4356586  0.5584649
  Spectral Overlap:  0.4012276  0.5905367
  Spatial Correlations:  0.0551237  0.3290683
  Spectral Weighted Spatial Correlations:  0.0218379  0.1930244
  Curve Fit MAE:  0.4836060  0.7572757
  L1 Decoder Reg:  3.4917581  3.4055152
  Centering Loss:  0.0161479  0.1330301
Elapsed:  0 days 00:00:00.420903

---------------- EPOCH: 3 ------------------------
                 Train         Val
  KL Divergence:  0.6263356  0.1896603
  Reconstruction MSE:  0.4026558  0.5573415
  Spectral Overlap:  0.3771054  0.5827550
  Spatial Correlations:  0.0483602  0.3220090
  Spectral Weighted Spatial Correlations:  0.0163581  0.1861535
  Curve Fit MAE:  0.4249246  0.7328787
  L1 Decoder Reg:  3.4802122  3.4068522
  Centering Loss:  0.0149048  0.1621781
Elapsed:  0 days 00:00:00.451384

---------------- EPOCH: 4 ------------------------
                 Train         Val
  KL Divergence:  0.6343480  0.2528890
  Reconstruction MSE:  0.3831998  0.5583772
  Spectral Overlap:  0.3633355  0.5911561
  Spatial Correlations:  0.0501245  0.3131447
  Spectral Weighted Spatial Correlations:  0.0155187  0.1838026
  Curve Fit MAE:  0.3781742  0.7123311
  L1 Decoder Reg:  3.4700410  3.4079704
  Centering Loss:  0.0156714  0.1850561
Elapsed:  0 days 00:00:00.479832

---------------- EPOCH: 5 ------------------------
                 Train         Val
  KL Divergence:  0.6338413  0.3085565
  Reconstruction MSE:  0.3717101  0.5565282
  Spectral Overlap:  0.3535464  0.5939768
  Spatial Correlations:  0.0377116  0.3018599
  Spectral Weighted Spatial Correlations:  0.0115781  0.1782296
  Curve Fit MAE:  0.3425378  0.7011880
  L1 Decoder Reg:  3.4593186  3.4088418
  Centering Loss:  0.0115290  0.2023274
Elapsed:  0 days 00:00:00.454255

---------------- EPOCH: 6 ------------------------
                 Train         Val
  KL Divergence:  0.6420046  0.3550843
  Reconstruction MSE:  0.3618510  0.5527959
  Spectral Overlap:  0.3397240  0.6016020
  Spatial Correlations:  0.0307886  0.2917379
  Spectral Weighted Spatial Correlations:  0.0093349  0.1743003
  Curve Fit MAE:  0.3061596  0.6965327
  L1 Decoder Reg:  3.4473734  3.4094663
  Centering Loss:  0.0174116  0.2153055
Elapsed:  0 days 00:00:00.455801

---------------- EPOCH: 7 ------------------------
                 Train         Val
  KL Divergence:  0.6306984  0.3919818
  Reconstruction MSE:  0.3568212  0.5507773
  Spectral Overlap:  0.3251687  0.6102502
  Spatial Correlations:  0.0270632  0.2839247
  Spectral Weighted Spatial Correlations:  0.0079784  0.1720715
  Curve Fit MAE:  0.2746484  0.6962690
  L1 Decoder Reg:  3.4383831  3.4099107
  Centering Loss:  0.0108247  0.2248019
Elapsed:  0 days 00:00:00.435612

---------------- EPOCH: 8 ------------------------
                 Train         Val
  KL Divergence:  0.5944303  0.4208280
  Reconstruction MSE:  0.3546636  0.5490018
  Spectral Overlap:  0.3094116  0.6166960
  Spatial Correlations:  0.0250962  0.2770378
  Spectral Weighted Spatial Correlations:  0.0077872  0.1695334
  Curve Fit MAE:  0.2504866  0.6986531
  L1 Decoder Reg:  3.4288440  3.4101541
  Centering Loss:  0.0104145  0.2317284
Elapsed:  0 days 00:00:00.449681

---------------- EPOCH: 9 ------------------------
                 Train         Val
  KL Divergence:  0.5731052  0.4437395
  Reconstruction MSE:  0.3506272  0.5435707
  Spectral Overlap:  0.3010721  0.6213028
  Spatial Correlations:  0.0230898  0.2704476
  Spectral Weighted Spatial Correlations:  0.0072070  0.1666261
  Curve Fit MAE:  0.2260747  0.7018013
  L1 Decoder Reg:  3.4193792  3.4102106
  Centering Loss:  0.0147606  0.2372022
Elapsed:  0 days 00:00:00.424396

---------------- EPOCH: 10 ------------------------
                 Train         Val
  KL Divergence:  0.5616724  0.4613814
  Reconstruction MSE:  0.3480735  0.5412115
  Spectral Overlap:  0.2897424  0.6256239
  Spatial Correlations:  0.0223746  0.2646107
  Spectral Weighted Spatial Correlations:  0.0057519  0.1641303
  Curve Fit MAE:  0.2176287  0.7062367
  L1 Decoder Reg:  3.4110725  3.4101119
  Centering Loss:  0.0116845  0.2408617
Elapsed:  0 days 00:00:00.431992

---------------- EPOCH: 11 ------------------------
                 Train         Val
  KL Divergence:  0.5401751  0.4747974
  Reconstruction MSE:  0.3484470  0.5393031
  Spectral Overlap:  0.2859572  0.6277250
  Spatial Correlations:  0.0238313  0.2594697
  Spectral Weighted Spatial Correlations:  0.0061012  0.1613976
  Curve Fit MAE:  0.2093839  0.7106501
  L1 Decoder Reg:  3.4038844  3.4098763
  Centering Loss:  0.0100134  0.2429827
Elapsed:  0 days 00:00:00.460149

---------------- EPOCH: 12 ------------------------
                 Train         Val
  KL Divergence:  0.5440283  0.4854628
  Reconstruction MSE:  0.3454657  0.5350720
  Spectral Overlap:  0.2808024  0.6317561
  Spatial Correlations:  0.0290257  0.2549136
  Spectral Weighted Spatial Correlations:  0.0067441  0.1595023
  Curve Fit MAE:  0.1934433  0.7145304
  L1 Decoder Reg:  3.3971021  3.4095168
  Centering Loss:  0.0166902  0.2441535
Elapsed:  0 days 00:00:00.449735

---------------- EPOCH: 13 ------------------------
                 Train         Val
  KL Divergence:  0.5391909  0.4937737
  Reconstruction MSE:  0.3434274  0.5307529
  Spectral Overlap:  0.2716101  0.6329358
  Spatial Correlations:  0.0325769  0.2505378
  Spectral Weighted Spatial Correlations:  0.0070627  0.1569995
  Curve Fit MAE:  0.1809278  0.7178411
  L1 Decoder Reg:  3.3924339  3.4090784
  Centering Loss:  0.0124218  0.2446816
Elapsed:  0 days 00:00:00.437317

---------------- EPOCH: 14 ------------------------
                 Train         Val
  KL Divergence:  0.5382584  0.5002709
  Reconstruction MSE:  0.3455662  0.5297137
  Spectral Overlap:  0.2686252  0.6351764
  Spatial Correlations:  0.0336478  0.2466591
  Spectral Weighted Spatial Correlations:  0.0069713  0.1550185
  Curve Fit MAE:  0.1817653  0.7205388
  L1 Decoder Reg:  3.3883057  3.4085617
  Centering Loss:  0.0189089  0.2443215
Elapsed:  0 days 00:00:00.428701

---------------- EPOCH: 15 ------------------------
                 Train         Val
  KL Divergence:  0.5304273  0.5050105
  Reconstruction MSE:  0.3420535  0.5275272
  Spectral Overlap:  0.2588515  0.6376564
  Spatial Correlations:  0.0365678  0.2425417
  Spectral Weighted Spatial Correlations:  0.0074895  0.1530403
  Curve Fit MAE:  0.1646748  0.7230235
  L1 Decoder Reg:  3.3842812  3.4079909
  Centering Loss:  0.0084542  0.2439867
Elapsed:  0 days 00:00:00.435993

---------------- EPOCH: 16 ------------------------
                 Train         Val
  KL Divergence:  0.5242324  0.5087475
  Reconstruction MSE:  0.3442619  0.5226787
  Spectral Overlap:  0.2515613  0.6397550
  Spatial Correlations:  0.0338201  0.2388127
  Spectral Weighted Spatial Correlations:  0.0059900  0.1510652
  Curve Fit MAE:  0.1625797  0.7251488
  L1 Decoder Reg:  3.3821301  3.4073777
  Centering Loss:  0.0193864  0.2435728
Elapsed:  0 days 00:00:00.440208

---------------- EPOCH: 17 ------------------------
                 Train         Val
  KL Divergence:  0.5353296  0.5117528
  Reconstruction MSE:  0.3422143  0.5185396
  Spectral Overlap:  0.2474611  0.6408053
  Spatial Correlations:  0.0393503  0.2348801
  Spectral Weighted Spatial Correlations:  0.0063913  0.1488117
  Curve Fit MAE:  0.1672750  0.7265594
  L1 Decoder Reg:  3.3784733  3.4067035
  Centering Loss:  0.0172926  0.2432003
Elapsed:  0 days 00:00:00.429970

---------------- EPOCH: 18 ------------------------
                 Train         Val
  KL Divergence:  0.5307493  0.5136572
  Reconstruction MSE:  0.3435467  0.5158222
  Spectral Overlap:  0.2401996  0.6420974
  Spatial Correlations:  0.0381234  0.2315810
  Spectral Weighted Spatial Correlations:  0.0062140  0.1469106
  Curve Fit MAE:  0.1573700  0.7276573
  L1 Decoder Reg:  3.3759024  3.4059997
  Centering Loss:  0.0133140  0.2424596
Elapsed:  0 days 00:00:00.424272

---------------- EPOCH: 19 ------------------------
                 Train         Val
  KL Divergence:  0.5316899  0.5148932
  Reconstruction MSE:  0.3420719  0.5141754
  Spectral Overlap:  0.2346507  0.6439545
  Spatial Correlations:  0.0367157  0.2275550
  Spectral Weighted Spatial Correlations:  0.0052594  0.1446162
  Curve Fit MAE:  0.1537984  0.7283729
  L1 Decoder Reg:  3.3735113  3.4052572
  Centering Loss:  0.0111851  0.2409609
Elapsed:  0 days 00:00:00.406855

---------------- EPOCH: 20 ------------------------
                 Train         Val
  KL Divergence:  0.5357760  0.5159740
  Reconstruction MSE:  0.3399842  0.5122809
  Spectral Overlap:  0.2294569  0.6453199
  Spatial Correlations:  0.0383608  0.2241623
  Spectral Weighted Spatial Correlations:  0.0050125  0.1427491
  Curve Fit MAE:  0.1514819  0.7284101
  L1 Decoder Reg:  3.3707647  3.4044821
  Centering Loss:  0.0172863  0.2396251
Elapsed:  0 days 00:00:00.421518

---------------- EPOCH: 21 ------------------------
                 Train         Val
  KL Divergence:  0.5356632  0.5167853
  Reconstruction MSE:  0.3407555  0.5066003
  Spectral Overlap:  0.2212750  0.6462080
  Spatial Correlations:  0.0413676  0.2202197
  Spectral Weighted Spatial Correlations:  0.0062521  0.1403295
  Curve Fit MAE:  0.1481142  0.7283857
  L1 Decoder Reg:  3.3692930  3.4036887
  Centering Loss:  0.0122521  0.2381016
Elapsed:  0 days 00:00:00.429938

---------------- EPOCH: 22 ------------------------
                 Train         Val
  KL Divergence:  0.5501189  0.5171819
  Reconstruction MSE:  0.3375789  0.5050571
  Spectral Overlap:  0.2156834  0.6467240
  Spatial Correlations:  0.0432422  0.2168843
  Spectral Weighted Spatial Correlations:  0.0064249  0.1382375
  Curve Fit MAE:  0.1398653  0.7284868
  L1 Decoder Reg:  3.3668418  3.4028604
  Centering Loss:  0.0135785  0.2365392
Elapsed:  0 days 00:00:00.410634

---------------- EPOCH: 23 ------------------------
                 Train         Val
  KL Divergence:  0.5318028  0.5172440
  Reconstruction MSE:  0.3391327  0.5034053
  Spectral Overlap:  0.2076270  0.6480537
  Spatial Correlations:  0.0442069  0.2136712
  Spectral Weighted Spatial Correlations:  0.0061390  0.1364230
  Curve Fit MAE:  0.1382546  0.7284921
  L1 Decoder Reg:  3.3647246  3.4020109
  Centering Loss:  0.0155757  0.2355034
Elapsed:  0 days 00:00:00.418692

---------------- EPOCH: 24 ------------------------
                 Train         Val
  KL Divergence:  0.5535502  0.5174524
  Reconstruction MSE:  0.3404129  0.4997790
  Spectral Overlap:  0.2075523  0.6490168
  Spatial Correlations:  0.0457713  0.2091846
  Spectral Weighted Spatial Correlations:  0.0062763  0.1335828
  Curve Fit MAE:  0.1402953  0.7283869
  L1 Decoder Reg:  3.3631158  3.4011455
  Centering Loss:  0.0095347  0.2343264
Elapsed:  0 days 00:00:00.433297

---------------- EPOCH: 25 ------------------------
                 Train         Val
  KL Divergence:  0.5456392  0.5173406
  Reconstruction MSE:  0.3421084  0.5003519
  Spectral Overlap:  0.2019377  0.6487049
  Spatial Correlations:  0.0473168  0.2053408
  Spectral Weighted Spatial Correlations:  0.0062329  0.1310084
  Curve Fit MAE:  0.1447405  0.7283005
  L1 Decoder Reg:  3.3610549  3.4002562
  Centering Loss:  0.0151238  0.2331940
Elapsed:  0 days 00:00:00.434485

---------------- EPOCH: 26 ------------------------
                 Train         Val
  KL Divergence:  0.5837367  0.5181480
  Reconstruction MSE:  0.3378119  0.4937344
  Spectral Overlap:  0.2038728  0.6495106
  Spatial Correlations:  0.0527037  0.2022310
  Spectral Weighted Spatial Correlations:  0.0069097  0.1291391
  Curve Fit MAE:  0.1434004  0.7282798
  L1 Decoder Reg:  3.3587947  3.3993392
  Centering Loss:  0.0152940  0.2319739
Elapsed:  0 days 00:00:00.452798

---------------- EPOCH: 27 ------------------------
                 Train         Val
  KL Divergence:  0.6061479  0.5185080
  Reconstruction MSE:  0.3362545  0.4948621
  Spectral Overlap:  0.2038906  0.6498174
  Spatial Correlations:  0.0523729  0.1981110
  Spectral Weighted Spatial Correlations:  0.0064952  0.1264567
  Curve Fit MAE:  0.1567618  0.7280571
  L1 Decoder Reg:  3.3570464  3.3984132
  Centering Loss:  0.0102722  0.2307018
Elapsed:  0 days 00:00:00.421369

---------------- EPOCH: 28 ------------------------
                 Train         Val
  KL Divergence:  0.5905913  0.5186099
  Reconstruction MSE:  0.3366721  0.4899200
  Spectral Overlap:  0.1982397  0.6504437
  Spatial Correlations:  0.0512261  0.1954281
  Spectral Weighted Spatial Correlations:  0.0057832  0.1248980
  Curve Fit MAE:  0.1430829  0.7278143
  L1 Decoder Reg:  3.3556697  3.3974710
  Centering Loss:  0.0140601  0.2292499
Elapsed:  0 days 00:00:00.465256

---------------- EPOCH: 29 ------------------------
                 Train         Val
  KL Divergence:  0.6173199  0.5192935
  Reconstruction MSE:  0.3334565  0.4853104
  Spectral Overlap:  0.1990144  0.6501858
  Spatial Correlations:  0.0494631  0.1921686
  Spectral Weighted Spatial Correlations:  0.0057411  0.1226583
  Curve Fit MAE:  0.1463296  0.7273940
  L1 Decoder Reg:  3.3530915  3.3965018
  Centering Loss:  0.0114218  0.2279624
Elapsed:  0 days 00:00:00.433796

---------------- EPOCH: 30 ------------------------
                 Train         Val
  KL Divergence:  0.6042821  0.5198338
  Reconstruction MSE:  0.3365702  0.4913327
  Spectral Overlap:  0.1966121  0.6504892
  Spatial Correlations:  0.0453125  0.1879441
  Spectral Weighted Spatial Correlations:  0.0042308  0.1198828
  Curve Fit MAE:  0.1341154  0.7267498
  L1 Decoder Reg:  3.3516762  3.3955252
  Centering Loss:  0.0118039  0.2269276
Elapsed:  0 days 00:00:00.418475

---------------- EPOCH: 31 ------------------------
                 Train         Val
  KL Divergence:  0.6495433  0.5212197
  Reconstruction MSE:  0.3340349  0.4860842
  Spectral Overlap:  0.1956016  0.6525166
  Spatial Correlations:  0.0473909  0.1846421
  Spectral Weighted Spatial Correlations:  0.0045279  0.1181114
  Curve Fit MAE:  0.1266908  0.7262889
  L1 Decoder Reg:  3.3502698  3.3945436
  Centering Loss:  0.0163366  0.2258584
Elapsed:  0 days 00:00:00.454536

---------------- EPOCH: 32 ------------------------
                 Train         Val
  KL Divergence:  0.6370068  0.5216203
  Reconstruction MSE:  0.3364769  0.4801290
  Spectral Overlap:  0.1918816  0.6520749
  Spatial Correlations:  0.0488276  0.1807970
  Spectral Weighted Spatial Correlations:  0.0051194  0.1154279
  Curve Fit MAE:  0.1184710  0.7256857
  L1 Decoder Reg:  3.3494291  3.3935614
  Centering Loss:  0.0112480  0.2249026
Elapsed:  0 days 00:00:00.431228

---------------- EPOCH: 33 ------------------------
                 Train         Val
  KL Divergence:  0.6465498  0.5222296
  Reconstruction MSE:  0.3356131  0.4795360
  Spectral Overlap:  0.1876843  0.6514906
  Spatial Correlations:  0.0535010  0.1780790
  Spectral Weighted Spatial Correlations:  0.0061169  0.1135546
  Curve Fit MAE:  0.1183802  0.7252759
  L1 Decoder Reg:  3.3481786  3.3925748
  Centering Loss:  0.0099186  0.2236527
Elapsed:  0 days 00:00:00.433268

---------------- EPOCH: 34 ------------------------
                 Train         Val
  KL Divergence:  0.6783589  0.5230895
  Reconstruction MSE:  0.3325339  0.4800497
  Spectral Overlap:  0.1899469  0.6529285
  Spatial Correlations:  0.0531210  0.1738625
  Spectral Weighted Spatial Correlations:  0.0055792  0.1109567
  Curve Fit MAE:  0.1182773  0.7249040
  L1 Decoder Reg:  3.3470948  3.3915884
  Centering Loss:  0.0126792  0.2224734
Elapsed:  0 days 00:00:00.428722

---------------- EPOCH: 35 ------------------------
                 Train         Val
  KL Divergence:  0.6641604  0.5236409
  Reconstruction MSE:  0.3336539  0.4768694
  Spectral Overlap:  0.1854082  0.6533413
  Spatial Correlations:  0.0547837  0.1709311
  Spectral Weighted Spatial Correlations:  0.0058998  0.1091568
  Curve Fit MAE:  0.1133235  0.7246403
  L1 Decoder Reg:  3.3466208  3.3906121
  Centering Loss:  0.0097028  0.2214019
Elapsed:  0 days 00:00:00.445336

---------------- EPOCH: 36 ------------------------
                 Train         Val
  KL Divergence:  0.6832089  0.5246246
  Reconstruction MSE:  0.3350926  0.4759223
  Spectral Overlap:  0.1825109  0.6526162
  Spatial Correlations:  0.0539214  0.1671221
  Spectral Weighted Spatial Correlations:  0.0057641  0.1064564
  Curve Fit MAE:  0.1118346  0.7243425
  L1 Decoder Reg:  3.3453391  3.3896337
  Centering Loss:  0.0123924  0.2202369
Elapsed:  0 days 00:00:00.421131

---------------- EPOCH: 37 ------------------------
                 Train         Val
  KL Divergence:  0.6988792  0.5256422
  Reconstruction MSE:  0.3312340  0.4742170
  Spectral Overlap:  0.1813912  0.6538212
  Spatial Correlations:  0.0594514  0.1634957
  Spectral Weighted Spatial Correlations:  0.0075859  0.1042663
  Curve Fit MAE:  0.1092648  0.7241084
  L1 Decoder Reg:  3.3451490  3.3886652
  Centering Loss:  0.0089438  0.2193975
Elapsed:  0 days 00:00:00.424047

---------------- EPOCH: 38 ------------------------
                 Train         Val
  KL Divergence:  0.7036248  0.5266623
  Reconstruction MSE:  0.3328559  0.4747618
  Spectral Overlap:  0.1780384  0.6539382
  Spatial Correlations:  0.0527560  0.1606463
  Spectral Weighted Spatial Correlations:  0.0044836  0.1023884
  Curve Fit MAE:  0.1178815  0.7240055
  L1 Decoder Reg:  3.3439653  3.3876975
  Centering Loss:  0.0099300  0.2184275
Elapsed:  0 days 00:00:00.423032

---------------- EPOCH: 39 ------------------------
                 Train         Val
  KL Divergence:  0.7118536  0.5277547
  Reconstruction MSE:  0.3316288  0.4690047
  Spectral Overlap:  0.1805247  0.6558241
  Spatial Correlations:  0.0510072  0.1575137
  Spectral Weighted Spatial Correlations:  0.0046950  0.1006843
  Curve Fit MAE:  0.1152999  0.7236509
  L1 Decoder Reg:  3.3437033  3.3867407
  Centering Loss:  0.0133894  0.2176363
Elapsed:  0 days 00:00:00.455999

---------------- EPOCH: 40 ------------------------
                 Train         Val
  KL Divergence:  0.7301907  0.5292502
  Reconstruction MSE:  0.3314106  0.4648205
  Spectral Overlap:  0.1802792  0.6566105
  Spatial Correlations:  0.0487833  0.1539341
  Spectral Weighted Spatial Correlations:  0.0046582  0.0985029
  Curve Fit MAE:  0.1127588  0.7232512
  L1 Decoder Reg:  3.3426211  3.3857827
  Centering Loss:  0.0122834  0.2174263
Elapsed:  0 days 00:00:00.435559

---------------- EPOCH: 41 ------------------------
                 Train         Val
  KL Divergence:  0.7361540  0.5306519
  Reconstruction MSE:  0.3298811  0.4697326
  Spectral Overlap:  0.1809456  0.6558111
  Spatial Correlations:  0.0529382  0.1515254
  Spectral Weighted Spatial Correlations:  0.0062021  0.0968110
  Curve Fit MAE:  0.1094040  0.7230669
  L1 Decoder Reg:  3.3418927  3.3848288
  Centering Loss:  0.0163363  0.2169857
Elapsed:  0 days 00:00:00.416069

---------------- EPOCH: 42 ------------------------
                 Train         Val
  KL Divergence:  0.7295920  0.5319826
  Reconstruction MSE:  0.3318488  0.4631020
  Spectral Overlap:  0.1779749  0.6576516
  Spatial Correlations:  0.0494987  0.1481529
  Spectral Weighted Spatial Correlations:  0.0045798  0.0949685
  Curve Fit MAE:  0.1078433  0.7229136
  L1 Decoder Reg:  3.3410001  3.3838792
  Centering Loss:  0.0127650  0.2160905
Elapsed:  0 days 00:00:00.411615

---------------- EPOCH: 43 ------------------------
                 Train         Val
  KL Divergence:  0.7288253  0.5330407
  Reconstruction MSE:  0.3301986  0.4633650
  Spectral Overlap:  0.1734507  0.6575471
  Spatial Correlations:  0.0534918  0.1452476
  Spectral Weighted Spatial Correlations:  0.0045777  0.0930338
  Curve Fit MAE:  0.0991954  0.7227415
  L1 Decoder Reg:  3.3407660  3.3829446
  Centering Loss:  0.0137453  0.2150877
Elapsed:  0 days 00:00:00.432260

---------------- EPOCH: 44 ------------------------
                 Train         Val
  KL Divergence:  0.7187083  0.5341539
  Reconstruction MSE:  0.3329216  0.4596332
  Spectral Overlap:  0.1727279  0.6604296
  Spatial Correlations:  0.0520946  0.1413760
  Spectral Weighted Spatial Correlations:  0.0036603  0.0909343
  Curve Fit MAE:  0.1102954  0.7227152
  L1 Decoder Reg:  3.3410134  3.3820367
  Centering Loss:  0.0109298  0.2142291
Elapsed:  0 days 00:00:00.431593

---------------- EPOCH: 45 ------------------------
                 Train         Val
  KL Divergence:  0.7423648  0.5356101
  Reconstruction MSE:  0.3297591  0.4603205
  Spectral Overlap:  0.1706785  0.6592177
  Spatial Correlations:  0.0552568  0.1389159
  Spectral Weighted Spatial Correlations:  0.0037275  0.0890704
  Curve Fit MAE:  0.1067928  0.7227580
  L1 Decoder Reg:  3.3416717  3.3811593
  Centering Loss:  0.0117503  0.2134033
Elapsed:  0 days 00:00:00.443631

---------------- EPOCH: 46 ------------------------
                 Train         Val
  KL Divergence:  0.7364689  0.5366449
  Reconstruction MSE:  0.3313201  0.4607272
  Spectral Overlap:  0.1696813  0.6596841
  Spatial Correlations:  0.0581315  0.1366431
  Spectral Weighted Spatial Correlations:  0.0042616  0.0877276
  Curve Fit MAE:  0.1071942  0.7228819
  L1 Decoder Reg:  3.3421986  3.3803062
  Centering Loss:  0.0121165  0.2124464
Elapsed:  0 days 00:00:00.441988

---------------- EPOCH: 47 ------------------------
                 Train         Val
  KL Divergence:  0.7445340  0.5379858
  Reconstruction MSE:  0.3286322  0.4607932
  Spectral Overlap:  0.1695899  0.6612653
  Spatial Correlations:  0.0533891  0.1332374
  Spectral Weighted Spatial Correlations:  0.0040499  0.0856810
  Curve Fit MAE:  0.1124669  0.7229618
  L1 Decoder Reg:  3.3424983  3.3794737
  Centering Loss:  0.0117404  0.2115417
Elapsed:  0 days 00:00:00.444909

---------------- EPOCH: 48 ------------------------
                 Train         Val
  KL Divergence:  0.7598857  0.5394704
  Reconstruction MSE:  0.3311464  0.4574825
  Spectral Overlap:  0.1710907  0.6609145
  Spatial Correlations:  0.0526794  0.1306789
  Spectral Weighted Spatial Correlations:  0.0048865  0.0840362
  Curve Fit MAE:  0.1093895  0.7234008
  L1 Decoder Reg:  3.3415117  3.3786368
  Centering Loss:  0.0114653  0.2106624
Elapsed:  0 days 00:00:00.447816

---------------- EPOCH: 49 ------------------------
                 Train         Val
  KL Divergence:  0.7602429  0.5407072
  Reconstruction MSE:  0.3296331  0.4584232
  Spectral Overlap:  0.1709651  0.6602333
  Spatial Correlations:  0.0559862  0.1277848
  Spectral Weighted Spatial Correlations:  0.0052439  0.0819993
  Curve Fit MAE:  0.1104342  0.7241887
  L1 Decoder Reg:  3.3408241  3.3777978
  Centering Loss:  0.0154367  0.2098391
Elapsed:  0 days 00:00:00.420624

---------------- EPOCH: 50 ------------------------
                 Train         Val
  KL Divergence:  0.7716820  0.5421561
  Reconstruction MSE:  0.3299764  0.4571704
  Spectral Overlap:  0.1702208  0.6618582
  Spatial Correlations:  0.0585441  0.1245142
  Spectral Weighted Spatial Correlations:  0.0051037  0.0800817
  Curve Fit MAE:  0.1001587  0.7247015
  L1 Decoder Reg:  3.3405809  3.3769794
  Centering Loss:  0.0117765  0.2091090
Elapsed:  0 days 00:00:00.440961

---------------- EPOCH: 51 ------------------------
                 Train         Val
  KL Divergence:  0.7683980  0.5433928
  Reconstruction MSE:  0.3284726  0.4542698
  Spectral Overlap:  0.1708108  0.6614919
  Spatial Correlations:  0.0582367  0.1218158
  Spectral Weighted Spatial Correlations:  0.0052442  0.0783198
  Curve Fit MAE:  0.0968887  0.7251908
  L1 Decoder Reg:  3.3398521  3.3761621
  Centering Loss:  0.0140430  0.2082705
Elapsed:  0 days 00:00:00.461897

---------------- EPOCH: 52 ------------------------
                 Train         Val
  KL Divergence:  0.7732652  0.5448319
  Reconstruction MSE:  0.3290108  0.4545591
  Spectral Overlap:  0.1690985  0.6611803
  Spatial Correlations:  0.0575821  0.1191141
  Spectral Weighted Spatial Correlations:  0.0050215  0.0763511
  Curve Fit MAE:  0.1035987  0.7259385
  L1 Decoder Reg:  3.3408699  3.3753810
  Centering Loss:  0.0231183  0.2074408
Elapsed:  0 days 00:00:00.437482

---------------- EPOCH: 53 ------------------------
                 Train         Val
  KL Divergence:  0.7663080  0.5462889
  Reconstruction MSE:  0.3289434  0.4502796
  Spectral Overlap:  0.1661323  0.6630673
  Spatial Correlations:  0.0578905  0.1160888
  Spectral Weighted Spatial Correlations:  0.0040200  0.0747050
  Curve Fit MAE:  0.1028932  0.7266256
  L1 Decoder Reg:  3.3405867  3.3746123
  Centering Loss:  0.0151638  0.2069345
Elapsed:  0 days 00:00:00.438045

---------------- EPOCH: 54 ------------------------
                 Train         Val
  KL Divergence:  0.7984186  0.5487314
  Reconstruction MSE:  0.3278179  0.4580290
  Spectral Overlap:  0.1671395  0.6612071
  Spatial Correlations:  0.0556419  0.1139512
  Spectral Weighted Spatial Correlations:  0.0037063  0.0730493
  Curve Fit MAE:  0.1045697  0.7270258
  L1 Decoder Reg:  3.3412638  3.3738675
  Centering Loss:  0.0105263  0.2065092
Elapsed:  0 days 00:00:00.427494

---------------- EPOCH: 55 ------------------------
                 Train         Val
  KL Divergence:  0.7919396  0.5506280
  Reconstruction MSE:  0.3278655  0.4542916
  Spectral Overlap:  0.1657357  0.6633779
  Spatial Correlations:  0.0594768  0.1106550
  Spectral Weighted Spatial Correlations:  0.0044608  0.0711874
  Curve Fit MAE:  0.1061916  0.7271093
  L1 Decoder Reg:  3.3413756  3.3731451
  Centering Loss:  0.0193128  0.2060004
Elapsed:  0 days 00:00:00.445637

---------------- EPOCH: 56 ------------------------
                 Train         Val
  KL Divergence:  0.7940661  0.5526859
  Reconstruction MSE:  0.3275685  0.4516078
  Spectral Overlap:  0.1653174  0.6621600
  Spatial Correlations:  0.0589895  0.1080213
  Spectral Weighted Spatial Correlations:  0.0047531  0.0692898
  Curve Fit MAE:  0.1079074  0.7271162
  L1 Decoder Reg:  3.3418806  3.3724370
  Centering Loss:  0.0179790  0.2054462
Elapsed:  0 days 00:00:00.433752

---------------- EPOCH: 57 ------------------------
                 Train         Val
  KL Divergence:  0.8000451  0.5546343
  Reconstruction MSE:  0.3283363  0.4448559
  Spectral Overlap:  0.1692950  0.6618105
  Spatial Correlations:  0.0566532  0.1052629
  Spectral Weighted Spatial Correlations:  0.0047717  0.0673479
  Curve Fit MAE:  0.1086120  0.7268642
  L1 Decoder Reg:  3.3409786  3.3717294
  Centering Loss:  0.0141718  0.2048309
Elapsed:  0 days 00:00:00.435240

---------------- EPOCH: 58 ------------------------
                 Train         Val
  KL Divergence:  0.8017855  0.5566797
  Reconstruction MSE:  0.3264423  0.4466246
  Spectral Overlap:  0.1682626  0.6613055
  Spatial Correlations:  0.0587058  0.1025804
  Spectral Weighted Spatial Correlations:  0.0048471  0.0656255
  Curve Fit MAE:  0.1136643  0.7266467
  L1 Decoder Reg:  3.3412707  3.3710437
  Centering Loss:  0.0152770  0.2037580
Elapsed:  0 days 00:00:00.451682

---------------- EPOCH: 59 ------------------------
                 Train         Val
  KL Divergence:  0.8186949  0.5588860
  Reconstruction MSE:  0.3259948  0.4445868
  Spectral Overlap:  0.1674418  0.6600927
  Spatial Correlations:  0.0510642  0.1004558
  Spectral Weighted Spatial Correlations:  0.0037409  0.0640523
  Curve Fit MAE:  0.1088885  0.7268264
  L1 Decoder Reg:  3.3410642  3.3703635
  Centering Loss:  0.0103076  0.2024730
Elapsed:  0 days 00:00:00.445970

---------------- EPOCH: 60 ------------------------
                 Train         Val
  KL Divergence:  0.8232737  0.5610609
  Reconstruction MSE:  0.3291850  0.4438193
  Spectral Overlap:  0.1673943  0.6594113
  Spatial Correlations:  0.0551627  0.0980516
  Spectral Weighted Spatial Correlations:  0.0046493  0.0624798
  Curve Fit MAE:  0.0973922  0.7267706
  L1 Decoder Reg:  3.3410721  3.3696997
  Centering Loss:  0.0113859  0.2013915
Elapsed:  0 days 00:00:00.442881

---------------- EPOCH: 61 ------------------------
                 Train         Val
  KL Divergence:  0.8252106  0.5633565
  Reconstruction MSE:  0.3255330  0.4440824
  Spectral Overlap:  0.1672025  0.6579996
  Spatial Correlations:  0.0563284  0.0960085
  Spectral Weighted Spatial Correlations:  0.0051691  0.0609172
  Curve Fit MAE:  0.0991236  0.7267016
  L1 Decoder Reg:  3.3409731  3.3690429
  Centering Loss:  0.0118032  0.2003343
Elapsed:  0 days 00:00:00.419635

---------------- EPOCH: 62 ------------------------
                 Train         Val
  KL Divergence:  0.8416722  0.5662644
  Reconstruction MSE:  0.3258961  0.4412918
  Spectral Overlap:  0.1631186  0.6580236
  Spatial Correlations:  0.0535354  0.0938522
  Spectral Weighted Spatial Correlations:  0.0043088  0.0594587
  Curve Fit MAE:  0.1075152  0.7266830
  L1 Decoder Reg:  3.3411331  3.3684096
  Centering Loss:  0.0142093  0.1994210
Elapsed:  0 days 00:00:00.437310

---------------- EPOCH: 63 ------------------------
                 Train         Val
  KL Divergence:  0.8592499  0.5693756
  Reconstruction MSE:  0.3243289  0.4448225
  Spectral Overlap:  0.1647667  0.6575876
  Spatial Correlations:  0.0561498  0.0915574
  Spectral Weighted Spatial Correlations:  0.0044809  0.0579588
  Curve Fit MAE:  0.1011630  0.7266194
  L1 Decoder Reg:  3.3415525  3.3677945
  Centering Loss:  0.0123593  0.1987752
Elapsed:  0 days 00:00:00.454162

---------------- EPOCH: 64 ------------------------
                 Train         Val
  KL Divergence:  0.8567016  0.5718418
  Reconstruction MSE:  0.3263420  0.4426273
  Spectral Overlap:  0.1634431  0.6562089
  Spatial Correlations:  0.0518711  0.0895964
  Spectral Weighted Spatial Correlations:  0.0041378  0.0565667
  Curve Fit MAE:  0.0968207  0.7267641
  L1 Decoder Reg:  3.3421822  3.3672004
  Centering Loss:  0.0128979  0.1980255
Elapsed:  0 days 00:00:00.448566

---------------- EPOCH: 65 ------------------------
                 Train         Val
  KL Divergence:  0.8617468  0.5742809
  Reconstruction MSE:  0.3247270  0.4393325
  Spectral Overlap:  0.1631458  0.6568297
  Spatial Correlations:  0.0578217  0.0873172
  Spectral Weighted Spatial Correlations:  0.0046210  0.0551325
  Curve Fit MAE:  0.0892049  0.7270039
  L1 Decoder Reg:  3.3416893  3.3666120
  Centering Loss:  0.0108125  0.1972162
Elapsed:  0 days 00:00:00.453781

---------------- EPOCH: 66 ------------------------
                 Train         Val
  KL Divergence:  0.8760124  0.5769072
  Reconstruction MSE:  0.3246072  0.4380557
  Spectral Overlap:  0.1629889  0.6549854
  Spatial Correlations:  0.0553742  0.0862518
  Spectral Weighted Spatial Correlations:  0.0047801  0.0540496
  Curve Fit MAE:  0.0940146  0.7270485
  L1 Decoder Reg:  3.3423641  3.3660486
  Centering Loss:  0.0118464  0.1963210
Elapsed:  0 days 00:00:00.454290

---------------- EPOCH: 67 ------------------------
                 Train         Val
  KL Divergence:  0.8538923  0.5789195
  Reconstruction MSE:  0.3257016  0.4417745
  Spectral Overlap:  0.1602162  0.6538966
  Spatial Correlations:  0.0598633  0.0841312
  Spectral Weighted Spatial Correlations:  0.0056349  0.0526443
  Curve Fit MAE:  0.0921927  0.7271999
  L1 Decoder Reg:  3.3428524  3.3655038
  Centering Loss:  0.0116978  0.1955155
Elapsed:  0 days 00:00:00.439494

---------------- EPOCH: 68 ------------------------
                 Train         Val
  KL Divergence:  0.8804601  0.5815172
  Reconstruction MSE:  0.3248674  0.4405527
  Spectral Overlap:  0.1589497  0.6526198
  Spatial Correlations:  0.0587921  0.0829906
  Spectral Weighted Spatial Correlations:  0.0056016  0.0515550
  Curve Fit MAE:  0.0969947  0.7276771
  L1 Decoder Reg:  3.3434191  3.3649859
  Centering Loss:  0.0143145  0.1945103
Elapsed:  0 days 00:00:00.436498

---------------- EPOCH: 69 ------------------------
                 Train         Val
  KL Divergence:  0.8774833  0.5840914
  Reconstruction MSE:  0.3242237  0.4381981
  Spectral Overlap:  0.1564847  0.6519481
  Spatial Correlations:  0.0577434  0.0812020
  Spectral Weighted Spatial Correlations:  0.0052162  0.0503539
  Curve Fit MAE:  0.0941281  0.7282068
  L1 Decoder Reg:  3.3450570  3.3645062
  Centering Loss:  0.0130288  0.1934190
Elapsed:  0 days 00:00:00.440632

---------------- EPOCH: 70 ------------------------
                 Train         Val
  KL Divergence:  0.8827767  0.5865272
  Reconstruction MSE:  0.3240469  0.4371436
  Spectral Overlap:  0.1568074  0.6506307
  Spatial Correlations:  0.0598510  0.0796337
  Spectral Weighted Spatial Correlations:  0.0050632  0.0491001
  Curve Fit MAE:  0.0910677  0.7286970
  L1 Decoder Reg:  3.3453500  3.3640420
  Centering Loss:  0.0101307  0.1926803
Elapsed:  0 days 00:00:00.450125

---------------- EPOCH: 71 ------------------------
                 Train         Val
  KL Divergence:  0.8668753  0.5886776
  Reconstruction MSE:  0.3257256  0.4398466
  Spectral Overlap:  0.1547504  0.6501910
  Spatial Correlations:  0.0578148  0.0781544
  Spectral Weighted Spatial Correlations:  0.0051247  0.0480655
  Curve Fit MAE:  0.0922405  0.7290970
  L1 Decoder Reg:  3.3467023  3.3636117
  Centering Loss:  0.0133052  0.1926600
Elapsed:  0 days 00:00:00.448883

---------------- EPOCH: 72 ------------------------
                 Train         Val
  KL Divergence:  0.8771455  0.5912259
  Reconstruction MSE:  0.3256049  0.4372830
  Spectral Overlap:  0.1541414  0.6497300
  Spatial Correlations:  0.0508275  0.0763925
  Spectral Weighted Spatial Correlations:  0.0042796  0.0467669
  Curve Fit MAE:  0.0912621  0.7293013
  L1 Decoder Reg:  3.3468797  3.3631959
  Centering Loss:  0.0098829  0.1926432
Elapsed:  0 days 00:00:00.424465

---------------- EPOCH: 73 ------------------------
                 Train         Val
  KL Divergence:  0.8676032  0.5931934
  Reconstruction MSE:  0.3257589  0.4420848
  Spectral Overlap:  0.1522110  0.6479570
  Spatial Correlations:  0.0494452  0.0752726
  Spectral Weighted Spatial Correlations:  0.0037837  0.0458775
  Curve Fit MAE:  0.0944762  0.7293308
  L1 Decoder Reg:  3.3482063  3.3628087
  Centering Loss:  0.0095902  0.1926584
Elapsed:  0 days 00:00:00.460329

---------------- EPOCH: 74 ------------------------
                 Train         Val
  KL Divergence:  0.8773786  0.5959516
  Reconstruction MSE:  0.3253948  0.4392011
  Spectral Overlap:  0.1544098  0.6468551
  Spatial Correlations:  0.0526601  0.0738878
  Spectral Weighted Spatial Correlations:  0.0037048  0.0447625
  Curve Fit MAE:  0.0993641  0.7294215
  L1 Decoder Reg:  3.3486836  3.3624425
  Centering Loss:  0.0113789  0.1928410
Elapsed:  0 days 00:00:00.411991

---------------- EPOCH: 75 ------------------------
                 Train         Val
  KL Divergence:  0.9167967  0.5990123
  Reconstruction MSE:  0.3220875  0.4366285
  Spectral Overlap:  0.1565510  0.6462048
  Spatial Correlations:  0.0510905  0.0728454
  Spectral Weighted Spatial Correlations:  0.0037784  0.0439020
  Curve Fit MAE:  0.1113792  0.7292889
  L1 Decoder Reg:  3.3498342  3.3621054
  Centering Loss:  0.0124456  0.1932708
Elapsed:  0 days 00:00:00.419991

---------------- EPOCH: 76 ------------------------
                 Train         Val
  KL Divergence:  0.9005100  0.6018769
  Reconstruction MSE:  0.3237392  0.4419090
  Spectral Overlap:  0.1575927  0.6446699
  Spatial Correlations:  0.0510516  0.0720718
  Spectral Weighted Spatial Correlations:  0.0036205  0.0432493
  Curve Fit MAE:  0.1125965  0.7292147
  L1 Decoder Reg:  3.3509550  3.3617914
  Centering Loss:  0.0140212  0.1938992
Elapsed:  0 days 00:00:00.444681

---------------- EPOCH: 77 ------------------------
                 Train         Val
  KL Divergence:  0.9377842  0.6055532
  Reconstruction MSE:  0.3225619  0.4293529
  Spectral Overlap:  0.1599709  0.6435408
  Spatial Correlations:  0.0501899  0.0711900
  Spectral Weighted Spatial Correlations:  0.0036884  0.0424760
  Curve Fit MAE:  0.1031162  0.7290863
  L1 Decoder Reg:  3.3513339  3.3614938
  Centering Loss:  0.0139808  0.1946569
Elapsed:  0 days 00:00:00.447091

---------------- EPOCH: 78 ------------------------
                 Train         Val
  KL Divergence:  0.9219359  0.6084024
  Reconstruction MSE:  0.3240200  0.4309243
  Spectral Overlap:  0.1582789  0.6434489
  Spatial Correlations:  0.0479283  0.0703953
  Spectral Weighted Spatial Correlations:  0.0028017  0.0419065
  Curve Fit MAE:  0.0969175  0.7287739
  L1 Decoder Reg:  3.3519363  3.3612103
  Centering Loss:  0.0078304  0.1953614
Elapsed:  0 days 00:00:00.453634

---------------- EPOCH: 79 ------------------------
                 Train         Val
  KL Divergence:  0.9251856  0.6112673
  Reconstruction MSE:  0.3225021  0.4385434
  Spectral Overlap:  0.1568459  0.6435038
  Spatial Correlations:  0.0493933  0.0694685
  Spectral Weighted Spatial Correlations:  0.0029918  0.0412389
  Curve Fit MAE:  0.1020264  0.7281531
  L1 Decoder Reg:  3.3524425  3.3609495
  Centering Loss:  0.0135991  0.1960493
Elapsed:  0 days 00:00:00.453235

---------------- EPOCH: 80 ------------------------
                 Train         Val
  KL Divergence:  0.9488187  0.6143310
  Reconstruction MSE:  0.3228871  0.4301997
  Spectral Overlap:  0.1586628  0.6421785
  Spatial Correlations:  0.0513098  0.0686084
  Spectral Weighted Spatial Correlations:  0.0035237  0.0405116
  Curve Fit MAE:  0.0939662  0.7279304
  L1 Decoder Reg:  3.3541298  3.3607216
  Centering Loss:  0.0099666  0.1968100
Elapsed:  0 days 00:00:00.444210

---------------- EPOCH: 81 ------------------------
                 Train         Val
  KL Divergence:  0.9322066  0.6171402
  Reconstruction MSE:  0.3231883  0.4315134
  Spectral Overlap:  0.1538903  0.6438655
  Spatial Correlations:  0.0519549  0.0680331
  Spectral Weighted Spatial Correlations:  0.0032594  0.0402243
  Curve Fit MAE:  0.0917766  0.7278684
  L1 Decoder Reg:  3.3551342  3.3605194
  Centering Loss:  0.0098706  0.1974550
Elapsed:  0 days 00:00:00.447319

---------------- EPOCH: 82 ------------------------
                 Train         Val
  KL Divergence:  0.9486849  0.6201753
  Reconstruction MSE:  0.3230788  0.4308980
  Spectral Overlap:  0.1523123  0.6455476
  Spatial Correlations:  0.0486649  0.0669686
  Spectral Weighted Spatial Correlations:  0.0029328  0.0396479
  Curve Fit MAE:  0.0878287  0.7275218
  L1 Decoder Reg:  3.3561401  3.3603430
  Centering Loss:  0.0097776  0.1981308
Elapsed:  0 days 00:00:00.438553

---------------- EPOCH: 83 ------------------------
                 Train         Val
  KL Divergence:  0.9226761  0.6225877
  Reconstruction MSE:  0.3222811  0.4319661
  Spectral Overlap:  0.1503159  0.6456232
  Spatial Correlations:  0.0517441  0.0661844
  Spectral Weighted Spatial Correlations:  0.0034097  0.0392019
  Curve Fit MAE:  0.0885580  0.7273940
  L1 Decoder Reg:  3.3574579  3.3601928
  Centering Loss:  0.0156225  0.1985474
Elapsed:  0 days 00:00:00.424058

---------------- EPOCH: 84 ------------------------
                 Train         Val
  KL Divergence:  0.9484603  0.6253504
  Reconstruction MSE:  0.3211470  0.4300316
  Spectral Overlap:  0.1524031  0.6438500
  Spatial Correlations:  0.0491881  0.0661310
  Spectral Weighted Spatial Correlations:  0.0036179  0.0388025
  Curve Fit MAE:  0.0879554  0.7272764
  L1 Decoder Reg:  3.3588059  3.3600693
  Centering Loss:  0.0148338  0.1989054
Elapsed:  0 days 00:00:00.436236

---------------- EPOCH: 85 ------------------------
                 Train         Val
  KL Divergence:  0.9280843  0.6273868
  Reconstruction MSE:  0.3228294  0.4336906
  Spectral Overlap:  0.1499578  0.6458396
  Spatial Correlations:  0.0504253  0.0656155
  Spectral Weighted Spatial Correlations:  0.0034071  0.0385297
  Curve Fit MAE:  0.0895493  0.7273001
  L1 Decoder Reg:  3.3592262  3.3599572
  Centering Loss:  0.0137813  0.1994230
Elapsed:  0 days 00:00:00.419205

---------------- EPOCH: 86 ------------------------
                 Train         Val
  KL Divergence:  0.9674746  0.6308299
  Reconstruction MSE:  0.3213302  0.4271300
  Spectral Overlap:  0.1507106  0.6447691
  Spatial Correlations:  0.0527312  0.0643405
  Spectral Weighted Spatial Correlations:  0.0035435  0.0376984
  Curve Fit MAE:  0.0857011  0.7272655
  L1 Decoder Reg:  3.3607392  3.3598771
  Centering Loss:  0.0156422  0.1998768
Elapsed:  0 days 00:00:00.430786

---------------- EPOCH: 87 ------------------------
                 Train         Val
  KL Divergence:  0.9656324  0.6337898
  Reconstruction MSE:  0.3197388  0.4276842
  Spectral Overlap:  0.1509414  0.6456644
  Spatial Correlations:  0.0537403  0.0637851
  Spectral Weighted Spatial Correlations:  0.0036102  0.0373031
  Curve Fit MAE:  0.0892016  0.7273957
  L1 Decoder Reg:  3.3616610  3.3598104
  Centering Loss:  0.0141084  0.2002340
Elapsed:  0 days 00:00:00.406523

---------------- EPOCH: 88 ------------------------
                 Train         Val
  KL Divergence:  0.9434300  0.6363925
  Reconstruction MSE:  0.3208169  0.4295265
  Spectral Overlap:  0.1467410  0.6452221
  Spatial Correlations:  0.0523383  0.0629348
  Spectral Weighted Spatial Correlations:  0.0032750  0.0366986
  Curve Fit MAE:  0.0874616  0.7274204
  L1 Decoder Reg:  3.3622408  3.3597641
  Centering Loss:  0.0113770  0.2002037
Elapsed:  0 days 00:00:00.442030

---------------- EPOCH: 89 ------------------------
                 Train         Val
  KL Divergence:  0.9659972  0.6395193
  Reconstruction MSE:  0.3210606  0.4261691
  Spectral Overlap:  0.1513062  0.6433730
  Spatial Correlations:  0.0536120  0.0629127
  Spectral Weighted Spatial Correlations:  0.0031265  0.0364943
  Curve Fit MAE:  0.0874768  0.7273483
  L1 Decoder Reg:  3.3634453  3.3597407
  Centering Loss:  0.0110590  0.2000526
Elapsed:  0 days 00:00:00.415623

---------------- EPOCH: 90 ------------------------
                 Train         Val
  KL Divergence:  0.9863551  0.6431220
  Reconstruction MSE:  0.3210039  0.4273870
  Spectral Overlap:  0.1521219  0.6421791
  Spatial Correlations:  0.0512746  0.0631554
  Spectral Weighted Spatial Correlations:  0.0029554  0.0363455
  Curve Fit MAE:  0.0844500  0.7273279
  L1 Decoder Reg:  3.3645804  3.3597379
  Centering Loss:  0.0150243  0.2000322
Elapsed:  0 days 00:00:00.406757

---------------- EPOCH: 91 ------------------------
                 Train         Val
  KL Divergence:  0.9666817  0.6460642
  Reconstruction MSE:  0.3207736  0.4255431
  Spectral Overlap:  0.1496248  0.6433840
  Spatial Correlations:  0.0509411  0.0621158
  Spectral Weighted Spatial Correlations:  0.0028383  0.0357930
  Curve Fit MAE:  0.0822679  0.7273406
  L1 Decoder Reg:  3.3658478  3.3597627
  Centering Loss:  0.0093329  0.2002020
Elapsed:  0 days 00:00:00.417112

---------------- EPOCH: 92 ------------------------
                 Train         Val
  KL Divergence:  0.9528652  0.6489896
  Reconstruction MSE:  0.3215821  0.4273359
  Spectral Overlap:  0.1489336  0.6416214
  Spatial Correlations:  0.0516231  0.0621480
  Spectral Weighted Spatial Correlations:  0.0030134  0.0355655
  Curve Fit MAE:  0.0814802  0.7273207
  L1 Decoder Reg:  3.3670819  3.3598142
  Centering Loss:  0.0112887  0.2004146
Elapsed:  0 days 00:00:00.406942

---------------- EPOCH: 93 ------------------------
                 Train         Val
  KL Divergence:  0.9714485  0.6524294
  Reconstruction MSE:  0.3198883  0.4326014
  Spectral Overlap:  0.1497194  0.6429253
  Spatial Correlations:  0.0553881  0.0615995
  Spectral Weighted Spatial Correlations:  0.0028674  0.0352627
  Curve Fit MAE:  0.0932098  0.7273389
  L1 Decoder Reg:  3.3688695  3.3598948
  Centering Loss:  0.0120162  0.2007025
Elapsed:  0 days 00:00:00.408043

---------------- EPOCH: 94 ------------------------
                 Train         Val
  KL Divergence:  0.9657013  0.6552002
  Reconstruction MSE:  0.3205131  0.4260843
  Spectral Overlap:  0.1488651  0.6427419
  Spatial Correlations:  0.0561980  0.0609999
  Spectral Weighted Spatial Correlations:  0.0032429  0.0348652
  Curve Fit MAE:  0.0930404  0.7274749
  L1 Decoder Reg:  3.3701696  3.3600039
  Centering Loss:  0.0115686  0.2010868
Elapsed:  0 days 00:00:00.416698

---------------- EPOCH: 95 ------------------------
                 Train         Val
  KL Divergence:  0.9697273  0.6578649
  Reconstruction MSE:  0.3192710  0.4254365
  Spectral Overlap:  0.1477606  0.6426134
  Spatial Correlations:  0.0588792  0.0608393
  Spectral Weighted Spatial Correlations:  0.0034691  0.0346734
  Curve Fit MAE:  0.0817662  0.7274603
  L1 Decoder Reg:  3.3717258  3.3601403
  Centering Loss:  0.0114737  0.2015618
Elapsed:  0 days 00:00:00.404627

---------------- EPOCH: 96 ------------------------
                 Train         Val
  KL Divergence:  0.9812083  0.6606299
  Reconstruction MSE:  0.3200454  0.4235261
  Spectral Overlap:  0.1476159  0.6415629
  Spatial Correlations:  0.0543700  0.0612606
  Spectral Weighted Spatial Correlations:  0.0031868  0.0346280
  Curve Fit MAE:  0.0855623  0.7271665
  L1 Decoder Reg:  3.3738570  3.3603110
  Centering Loss:  0.0100499  0.2019773
Elapsed:  0 days 00:00:00.435803

---------------- EPOCH: 97 ------------------------
                 Train         Val
  KL Divergence:  0.9770435  0.6634325
  Reconstruction MSE:  0.3188116  0.4224379
  Spectral Overlap:  0.1483778  0.6423509
  Spatial Correlations:  0.0533778  0.0608098
  Spectral Weighted Spatial Correlations:  0.0032397  0.0343505
  Curve Fit MAE:  0.0817586  0.7268142
  L1 Decoder Reg:  3.3760488  3.3605342
  Centering Loss:  0.0104363  0.2025599
Elapsed:  0 days 00:00:00.443370

---------------- EPOCH: 98 ------------------------
                 Train         Val
  KL Divergence:  0.9770371  0.6661420
  Reconstruction MSE:  0.3190435  0.4255108
  Spectral Overlap:  0.1478471  0.6426395
  Spatial Correlations:  0.0535641  0.0607144
  Spectral Weighted Spatial Correlations:  0.0038408  0.0341846
  Curve Fit MAE:  0.0812672  0.7263578
  L1 Decoder Reg:  3.3783679  3.3607810
  Centering Loss:  0.0124807  0.2030425
Elapsed:  0 days 00:00:00.424065

---------------- EPOCH: 99 ------------------------
                 Train         Val
  KL Divergence:  0.9934213  0.6690574
  Reconstruction MSE:  0.3194377  0.4235013
  Spectral Overlap:  0.1486922  0.6423900
  Spatial Correlations:  0.0561082  0.0601180
  Spectral Weighted Spatial Correlations:  0.0039354  0.0337413
  Curve Fit MAE:  0.0874971  0.7259138
  L1 Decoder Reg:  3.3799956  3.3610678
  Centering Loss:  0.0138129  0.2031065
Elapsed:  0 days 00:00:00.446884

---------------- EPOCH: 100 ------------------------
                 Train         Val
  KL Divergence:  0.9946559  0.6720309
  Reconstruction MSE:  0.3193281  0.4206960
  Spectral Overlap:  0.1486876  0.6426939
  Spatial Correlations:  0.0533897  0.0598156
  Spectral Weighted Spatial Correlations:  0.0043906  0.0335465
  Curve Fit MAE:  0.0869048  0.7255602
  L1 Decoder Reg:  3.3828902  3.3613982
  Centering Loss:  0.0107801  0.2033591
Elapsed:  0 days 00:00:00.412798

---------------- EPOCH: 101 ------------------------
                 Train         Val
  KL Divergence:  1.0050864  0.6754965
  Reconstruction MSE:  0.3186933  0.4275497
  Spectral Overlap:  0.1484519  0.6427923
  Spatial Correlations:  0.0540883  0.0595102
  Spectral Weighted Spatial Correlations:  0.0040116  0.0332932
  Curve Fit MAE:  0.0818870  0.7252375
  L1 Decoder Reg:  3.3842020  3.3617406
  Centering Loss:  0.0135874  0.2036370
Elapsed:  0 days 00:00:00.416815

---------------- EPOCH: 102 ------------------------
                 Train         Val
  KL Divergence:  1.0308402  0.6792085
  Reconstruction MSE:  0.3178020  0.4208673
  Spectral Overlap:  0.1490446  0.6425266
  Spatial Correlations:  0.0529851  0.0590334
  Spectral Weighted Spatial Correlations:  0.0038666  0.0329573
  Curve Fit MAE:  0.0851900  0.7250649
  L1 Decoder Reg:  3.3856003  3.3621068
  Centering Loss:  0.0082251  0.2038492
Elapsed:  0 days 00:00:00.412660

---------------- EPOCH: 103 ------------------------
                 Train         Val
  KL Divergence:  1.0187135  0.6825475
  Reconstruction MSE:  0.3182665  0.4248795
  Spectral Overlap:  0.1479418  0.6417397
  Spatial Correlations:  0.0538887  0.0592988
  Spectral Weighted Spatial Correlations:  0.0035481  0.0329044
  Curve Fit MAE:  0.0791540  0.7249671
  L1 Decoder Reg:  3.3867826  3.3624854
  Centering Loss:  0.0083963  0.2042434
Elapsed:  0 days 00:00:00.417379

---------------- EPOCH: 104 ------------------------
                 Train         Val
  KL Divergence:  1.0065149  0.6855433
  Reconstruction MSE:  0.3185245  0.4231203
  Spectral Overlap:  0.1455217  0.6404316
  Spatial Correlations:  0.0570650  0.0597532
  Spectral Weighted Spatial Correlations:  0.0034806  0.0329514
  Curve Fit MAE:  0.0805162  0.7248324
  L1 Decoder Reg:  3.3888857  3.3629050
  Centering Loss:  0.0109419  0.2048289
Elapsed:  0 days 00:00:00.437553

---------------- EPOCH: 105 ------------------------
                 Train         Val
  KL Divergence:  1.0024173  0.6884268
  Reconstruction MSE:  0.3170202  0.4154489
  Spectral Overlap:  0.1436964  0.6412286
  Spatial Correlations:  0.0585525  0.0590466
  Spectral Weighted Spatial Correlations:  0.0038958  0.0325211
  Curve Fit MAE:  0.0869000  0.7246147
  L1 Decoder Reg:  3.3912084  3.3633604
  Centering Loss:  0.0143873  0.2052132
Elapsed:  0 days 00:00:00.440503

---------------- EPOCH: 106 ------------------------
                 Train         Val
  KL Divergence:  1.0088489  0.6911287
  Reconstruction MSE:  0.3172333  0.4218979
  Spectral Overlap:  0.1445462  0.6403072
  Spatial Correlations:  0.0540205  0.0595291
  Spectral Weighted Spatial Correlations:  0.0036561  0.0325483
  Curve Fit MAE:  0.0880930  0.7247019
  L1 Decoder Reg:  3.3934882  3.3638487
  Centering Loss:  0.0138201  0.2053366
Elapsed:  0 days 00:00:00.448672

---------------- EPOCH: 107 ------------------------
                 Train         Val
  KL Divergence:  1.0075815  0.6932234
  Reconstruction MSE:  0.3179300  0.4185832
  Spectral Overlap:  0.1438723  0.6405180
  Spatial Correlations:  0.0551402  0.0588942
  Spectral Weighted Spatial Correlations:  0.0034094  0.0321282
  Curve Fit MAE:  0.0842197  0.7251018
  L1 Decoder Reg:  3.3956234  3.3643701
  Centering Loss:  0.0119975  0.2052758
Elapsed:  0 days 00:00:00.422235

---------------- EPOCH: 108 ------------------------
                 Train         Val
  KL Divergence:  1.0086819  0.6953160
  Reconstruction MSE:  0.3179404  0.4229397
  Spectral Overlap:  0.1427720  0.6391281
  Spatial Correlations:  0.0539076  0.0592886
  Spectral Weighted Spatial Correlations:  0.0040304  0.0321847
  Curve Fit MAE:  0.0762232  0.7252156
  L1 Decoder Reg:  3.3973460  3.3649096
  Centering Loss:  0.0089165  0.2050824
Elapsed:  0 days 00:00:00.425732

---------------- EPOCH: 109 ------------------------
                 Train         Val
  KL Divergence:  1.0302328  0.6974997
  Reconstruction MSE:  0.3160421  0.4253547
  Spectral Overlap:  0.1456822  0.6402385
  Spatial Correlations:  0.0517890  0.0586955
  Spectral Weighted Spatial Correlations:  0.0036906  0.0318456
  Curve Fit MAE:  0.0826443  0.7252885
  L1 Decoder Reg:  3.3985116  3.3654642
  Centering Loss:  0.0142242  0.2049516
Elapsed:  0 days 00:00:00.420816

---------------- EPOCH: 110 ------------------------
                 Train         Val
  KL Divergence:  1.0079030  0.6993316
  Reconstruction MSE:  0.3171165  0.4265101
  Spectral Overlap:  0.1433889  0.6383944
  Spatial Correlations:  0.0502140  0.0583807
  Spectral Weighted Spatial Correlations:  0.0032139  0.0315116
  Curve Fit MAE:  0.0815246  0.7250606
  L1 Decoder Reg:  3.4007330  3.3660498
  Centering Loss:  0.0097227  0.2047627
Elapsed:  0 days 00:00:00.428569

---------------- EPOCH: 111 ------------------------
                 Train         Val
  KL Divergence:  1.0384113  0.7016792
  Reconstruction MSE:  0.3174813  0.4251271
  Spectral Overlap:  0.1438432  0.6378329
  Spatial Correlations:  0.0511342  0.0585656
  Spectral Weighted Spatial Correlations:  0.0040611  0.0314814
  Curve Fit MAE:  0.0805072  0.7247393
  L1 Decoder Reg:  3.4030905  3.3666749
  Centering Loss:  0.0129731  0.2042968
Elapsed:  0 days 00:00:00.422693

---------------- EPOCH: 112 ------------------------
                 Train         Val
  KL Divergence:  1.0190458  0.7037333
  Reconstruction MSE:  0.3181472  0.4187552
  Spectral Overlap:  0.1431523  0.6372388
  Spatial Correlations:  0.0475742  0.0586944
  Spectral Weighted Spatial Correlations:  0.0030303  0.0314242
  Curve Fit MAE:  0.0808101  0.7246359
  L1 Decoder Reg:  3.4050741  3.3673210
  Centering Loss:  0.0084044  0.2041484
Elapsed:  0 days 00:00:00.419446

---------------- EPOCH: 113 ------------------------
                 Train         Val
  KL Divergence:  1.0302687  0.7059997
  Reconstruction MSE:  0.3192946  0.4240403
  Spectral Overlap:  0.1439818  0.6383516
  Spatial Correlations:  0.0489068  0.0577982
  Spectral Weighted Spatial Correlations:  0.0032106  0.0309386
  Curve Fit MAE:  0.0796414  0.7244997
  L1 Decoder Reg:  3.4075017  3.3680010
  Centering Loss:  0.0147725  0.2041103
Elapsed:  0 days 00:00:00.429948

---------------- EPOCH: 114 ------------------------
                 Train         Val
  KL Divergence:  1.0408770  0.7085002
  Reconstruction MSE:  0.3163407  0.4181710
  Spectral Overlap:  0.1416863  0.6366002
  Spatial Correlations:  0.0498866  0.0584546
  Spectral Weighted Spatial Correlations:  0.0031898  0.0310060
  Curve Fit MAE:  0.0774812  0.7243179
  L1 Decoder Reg:  3.4089432  3.3687003
  Centering Loss:  0.0096005  0.2039732
Elapsed:  0 days 00:00:00.418717

---------------- EPOCH: 115 ------------------------
                 Train         Val
  KL Divergence:  1.0558176  0.7110538
  Reconstruction MSE:  0.3158274  0.4229860
  Spectral Overlap:  0.1434843  0.6346100
  Spatial Correlations:  0.0528245  0.0581543
  Spectral Weighted Spatial Correlations:  0.0035003  0.0307188
  Curve Fit MAE:  0.0760422  0.7241670
  L1 Decoder Reg:  3.4121871  3.3694482
  Centering Loss:  0.0109885  0.2040115
Elapsed:  0 days 00:00:00.421245

---------------- EPOCH: 116 ------------------------
                 Train         Val
  KL Divergence:  1.0372119  0.7131314
  Reconstruction MSE:  0.3172334  0.4241500
  Spectral Overlap:  0.1403301  0.6364339
  Spatial Correlations:  0.0554128  0.0567750
  Spectral Weighted Spatial Correlations:  0.0037355  0.0300080
  Curve Fit MAE:  0.0796117  0.7238672
  L1 Decoder Reg:  3.4146812  3.3702292
  Centering Loss:  0.0077711  0.2041445
Elapsed:  0 days 00:00:00.423566

---------------- EPOCH: 117 ------------------------
                 Train         Val
  KL Divergence:  1.0625328  0.7161672
  Reconstruction MSE:  0.3157656  0.4217704
  Spectral Overlap:  0.1415362  0.6358594
  Spatial Correlations:  0.0553668  0.0561574
  Spectral Weighted Spatial Correlations:  0.0037364  0.0295899
  Curve Fit MAE:  0.0798951  0.7233888
  L1 Decoder Reg:  3.4172459  3.3710451
  Centering Loss:  0.0104190  0.2041478
Elapsed:  0 days 00:00:00.424113

---------------- EPOCH: 118 ------------------------
                 Train         Val
  KL Divergence:  1.0822259  0.7193096
  Reconstruction MSE:  0.3142608  0.4178239
  Spectral Overlap:  0.1461174  0.6353076
  Spatial Correlations:  0.0541494  0.0568051
  Spectral Weighted Spatial Correlations:  0.0030571  0.0298393
  Curve Fit MAE:  0.0773929  0.7232305
  L1 Decoder Reg:  3.4201038  3.3718977
  Centering Loss:  0.0083910  0.2042588
Elapsed:  0 days 00:00:00.420626

---------------- EPOCH: 119 ------------------------
                 Train         Val
  KL Divergence:  1.0625303  0.7219226
  Reconstruction MSE:  0.3154322  0.4245450
  Spectral Overlap:  0.1425456  0.6353122
  Spatial Correlations:  0.0540171  0.0567726
  Spectral Weighted Spatial Correlations:  0.0030935  0.0297114
  Curve Fit MAE:  0.0704557  0.7232389
  L1 Decoder Reg:  3.4226899  3.3727889
  Centering Loss:  0.0084196  0.2044532
Elapsed:  0 days 00:00:00.432841

Sorted model latents by frequency.
Aligned model to ENSO.
Traceback (most recent call last):
  File "/global/u1/h/hyvchen/Snow-Predication-at-Sierra/scripts/run_kgae_more_latents_swe_loyo.py", line 783, in <module>
    raise SystemExit(main())
                     ^^^^^^
  File "/global/u1/h/hyvchen/Snow-Predication-at-Sierra/scripts/run_kgae_more_latents_swe_loyo.py", line 779, in main
    return run_full(args)
           ^^^^^^^^^^^^^^
  File "/global/u1/h/hyvchen/Snow-Predication-at-Sierra/scripts/run_kgae_more_latents_swe_loyo.py", line 698, in run_full
    plot_metric_by_k(kgae_metrics, "RMSE", "LOYO SWE RMSE", light_dir / "kgae_more_latents_swe_rmse_by_k.png", baseline_row["RMSE"])
  File "/global/u1/h/hyvchen/Snow-Predication-at-Sierra/scripts/run_kgae_more_latents_swe_loyo.py", line 349, in plot_metric_by_k
    work = df.sort_values("k")
           ^^^^^^^^^^^^^^^^^^^
  File "/pscratch/sd/h/hyvchen/conda_envs/swe_torch_cpu3/lib/python3.11/site-packages/pandas/core/frame.py", line 8359, in sort_values
    k = self._get_label_or_level_values(by[0], axis=axis)
        ^^^^^^^^^^^^^^^^^^^^^^^^^^^^^^^^^^^^^^^^^^^^^^^^^
  File "/pscratch/sd/h/hyvchen/conda_envs/swe_torch_cpu3/lib/python3.11/site-packages/pandas/core/generic.py", line 1776, in _get_label_or_level_values
    raise KeyError(key)
KeyError: 'k'
